Created by PLY version 3.11 (http://www.dabeaz.com/ply)

Grammar

Rule 0     S' -> Program
Rule 1     Program -> ProgramUnitSeq
Rule 2     ProgramUnitSeq -> ProgramUnit
Rule 3     ProgramUnitSeq -> ProgramUnitSeq ProgramUnit
Rule 4     ProgramUnit -> MainProgram
Rule 5     ProgramUnit -> FunctionSubprogram
Rule 6     ProgramUnit -> SubroutineSubprogram
Rule 7     MainProgram -> PROGRAM ID MainBody END
Rule 8     FunctionSubprogram -> TypeSpec FUNCTION ID ( OptParamList ) SubprogramBody END
Rule 9     SubroutineSubprogram -> SUBROUTINE ID ( OptParamList ) SubprogramBody END
Rule 10    MainBody -> DeclPart ExecPart
Rule 11    MainBody -> ExecPart
Rule 12    SubprogramBody -> DeclPart ExecPart
Rule 13    SubprogramBody -> ExecPart
Rule 14    DeclPart -> DeclarationStmt
Rule 15    DeclPart -> DeclPart DeclarationStmt
Rule 16    ExecPart -> ExecutableStmt
Rule 17    ExecPart -> ExecPart ExecutableStmt
Rule 18    ExecutableStmt -> LabeledExecutableStmt
Rule 19    ExecutableStmt -> UnlabeledExecutableStmt
Rule 20    LabeledExecutableStmt -> LABEL UnlabeledExecutableStmt
Rule 21    UnlabeledExecutableStmt -> AssignmentStmt
Rule 22    UnlabeledExecutableStmt -> IfStmt
Rule 23    UnlabeledExecutableStmt -> DoStmt
Rule 24    UnlabeledExecutableStmt -> GotoStmt
Rule 25    UnlabeledExecutableStmt -> ContinueStmt
Rule 26    UnlabeledExecutableStmt -> StopStmt
Rule 27    UnlabeledExecutableStmt -> ReadStmt
Rule 28    UnlabeledExecutableStmt -> PrintStmt
Rule 29    UnlabeledExecutableStmt -> ReturnStmt
Rule 30    UnlabeledExecutableStmt -> CallStmt
Rule 31    DeclarationStmt -> TypeSpec DeclaratorList
Rule 32    TypeSpec -> INTEGER
Rule 33    TypeSpec -> REAL
Rule 34    TypeSpec -> LOGICAL
Rule 35    DeclaratorList -> Declarator
Rule 36    DeclaratorList -> DeclaratorList , Declarator
Rule 37    Declarator -> ID
Rule 38    Declarator -> ID ( INT_CONST )
Rule 39    OptParamList -> ParamList
Rule 40    OptParamList -> Empty
Rule 41    ParamList -> ID
Rule 42    ParamList -> ParamList , ID
Rule 43    AssignmentStmt -> Designator = Expr
Rule 44    IfStmt -> IF ( Expr ) THEN ThenBlock ENDIF
Rule 45    IfStmt -> IF ( Expr ) THEN ThenBlock ELSE ElseBlock ENDIF
Rule 46    ThenBlock -> ExecutableStmt
Rule 47    ThenBlock -> ThenBlock ExecutableStmt
Rule 48    ElseBlock -> ExecutableStmt
Rule 49    ElseBlock -> ElseBlock ExecutableStmt
Rule 50    DoStmt -> DO INT_CONST ID = Expr , Expr DoRangeTail DoBody
Rule 51    DoRangeTail -> , Expr
Rule 52    DoRangeTail -> Empty
Rule 53    DoBody -> LABEL CONTINUE
Rule 54    DoBody -> DoInnerBlock LABEL CONTINUE
Rule 55    DoInnerBlock -> DoInnerStmt
Rule 56    DoInnerBlock -> DoInnerBlock DoInnerStmt
Rule 57    DoInnerStmt -> AssignmentStmt
Rule 58    DoInnerStmt -> IfStmt
Rule 59    DoInnerStmt -> DoStmt
Rule 60    DoInnerStmt -> GotoStmt
Rule 61    DoInnerStmt -> ContinueStmt
Rule 62    DoInnerStmt -> StopStmt
Rule 63    DoInnerStmt -> ReadStmt
Rule 64    DoInnerStmt -> PrintStmt
Rule 65    DoInnerStmt -> ReturnStmt
Rule 66    DoInnerStmt -> CallStmt
Rule 67    GotoStmt -> GOTO INT_CONST
Rule 68    ContinueStmt -> CONTINUE
Rule 69    StopStmt -> STOP
Rule 70    ReturnStmt -> RETURN
Rule 71    CallStmt -> CALL ID ( OptArgList )
Rule 72    ReadStmt -> READ TIMES , ReadList
Rule 73    ReadList -> ReadItem
Rule 74    ReadList -> ReadList , ReadItem
Rule 75    ReadItem -> Designator
Rule 76    PrintStmt -> PRINT TIMES , PrintList
Rule 77    PrintList -> PrintItem
Rule 78    PrintList -> PrintList , PrintItem
Rule 79    PrintItem -> Expr
Rule 80    Designator -> ID
Rule 81    Designator -> ID ( OptArgList )
Rule 82    OptArgList -> ArgList
Rule 83    OptArgList -> Empty
Rule 84    ArgList -> Expr
Rule 85    ArgList -> ArgList , Expr
Rule 86    Expr -> OrExpr
Rule 87    OrExpr -> AndExpr
Rule 88    OrExpr -> OrExpr OR AndExpr
Rule 89    AndExpr -> NotExpr
Rule 90    AndExpr -> AndExpr AND NotExpr
Rule 91    NotExpr -> RelExpr
Rule 92    NotExpr -> NOT NotExpr
Rule 93    RelExpr -> AddExpr
Rule 94    RelExpr -> AddExpr RelOp AddExpr
Rule 95    RelOp -> LT
Rule 96    RelOp -> LE
Rule 97    RelOp -> EQ
Rule 98    RelOp -> NE
Rule 99    RelOp -> GT
Rule 100   RelOp -> GE
Rule 101   AddExpr -> MulExpr
Rule 102   AddExpr -> AddExpr + MulExpr
Rule 103   AddExpr -> AddExpr - MulExpr
Rule 104   MulExpr -> PowExpr
Rule 105   MulExpr -> MulExpr TIMES PowExpr
Rule 106   MulExpr -> MulExpr / PowExpr
Rule 107   PowExpr -> UnaryExpr
Rule 108   PowExpr -> Primary POWER PowExpr
Rule 109   UnaryExpr -> Primary
Rule 110   UnaryExpr -> + UnaryExpr
Rule 111   UnaryExpr -> - UnaryExpr
Rule 112   Primary -> INT_CONST
Rule 113   Primary -> REAL_CONST
Rule 114   Primary -> TRUE
Rule 115   Primary -> FALSE
Rule 116   Primary -> STRING_CONST
Rule 117   Primary -> Designator
Rule 118   Primary -> ( Expr )
Rule 119   Empty -> <empty>

Terminals, with rules where they appear

(                    : 8 9 38 44 45 71 81 118
)                    : 8 9 38 44 45 71 81 118
+                    : 102 110
,                    : 36 42 50 51 72 74 76 78 85
-                    : 103 111
/                    : 106
=                    : 43 50
AND                  : 90
CALL                 : 71
CONTINUE             : 53 54 68
DO                   : 50
ELSE                 : 45
END                  : 7 8 9
ENDIF                : 44 45
EQ                   : 97
FALSE                : 115
FUNCTION             : 8
GE                   : 100
GOTO                 : 67
GT                   : 99
ID                   : 7 8 9 37 38 41 42 50 71 80 81
IF                   : 44 45
INTEGER              : 32
INT_CONST            : 38 50 67 112
LABEL                : 20 53 54
LE                   : 96
LOGICAL              : 34
LT                   : 95
NE                   : 98
NOT                  : 92
OR                   : 88
POWER                : 108
PRINT                : 76
PROGRAM              : 7
READ                 : 72
REAL                 : 33
REAL_CONST           : 113
RETURN               : 70
STOP                 : 69
STRING_CONST         : 116
SUBROUTINE           : 9
THEN                 : 44 45
TIMES                : 72 76 105
TRUE                 : 114
error                : 

Nonterminals, with rules where they appear

AddExpr              : 93 94 94 102 103
AndExpr              : 87 88 90
ArgList              : 82 85
AssignmentStmt       : 21 57
CallStmt             : 30 66
ContinueStmt         : 25 61
DeclPart             : 10 12 15
DeclarationStmt      : 14 15
Declarator           : 35 36
DeclaratorList       : 31 36
Designator           : 43 75 117
DoBody               : 50
DoInnerBlock         : 54 56
DoInnerStmt          : 55 56
DoRangeTail          : 50
DoStmt               : 23 59
ElseBlock            : 45 49
Empty                : 40 52 83
ExecPart             : 10 11 12 13 17
ExecutableStmt       : 16 17 46 47 48 49
Expr                 : 43 44 45 50 50 51 79 84 85 118
FunctionSubprogram   : 5
GotoStmt             : 24 60
IfStmt               : 22 58
LabeledExecutableStmt : 18
MainBody             : 7
MainProgram          : 4
MulExpr              : 101 102 103 105 106
NotExpr              : 89 90 92
OptArgList           : 71 81
OptParamList         : 8 9
OrExpr               : 86 88
ParamList            : 39 42
PowExpr              : 104 105 106 108
Primary              : 108 109
PrintItem            : 77 78
PrintList            : 76 78
PrintStmt            : 28 64
Program              : 0
ProgramUnit          : 2 3
ProgramUnitSeq       : 1 3
ReadItem             : 73 74
ReadList             : 72 74
ReadStmt             : 27 63
RelExpr              : 91
RelOp                : 94
ReturnStmt           : 29 65
StopStmt             : 26 62
SubprogramBody       : 8 9
SubroutineSubprogram : 6
ThenBlock            : 44 45 47
TypeSpec             : 8 31
UnaryExpr            : 107 110 111
UnlabeledExecutableStmt : 19 20

Parsing method: LALR

state 0

    (0) S' -> . Program
    (1) Program -> . ProgramUnitSeq
    (2) ProgramUnitSeq -> . ProgramUnit
    (3) ProgramUnitSeq -> . ProgramUnitSeq ProgramUnit
    (4) ProgramUnit -> . MainProgram
    (5) ProgramUnit -> . FunctionSubprogram
    (6) ProgramUnit -> . SubroutineSubprogram
    (7) MainProgram -> . PROGRAM ID MainBody END
    (8) FunctionSubprogram -> . TypeSpec FUNCTION ID ( OptParamList ) SubprogramBody END
    (9) SubroutineSubprogram -> . SUBROUTINE ID ( OptParamList ) SubprogramBody END
    (32) TypeSpec -> . INTEGER
    (33) TypeSpec -> . REAL
    (34) TypeSpec -> . LOGICAL

    PROGRAM         shift and go to state 7
    SUBROUTINE      shift and go to state 9
    INTEGER         shift and go to state 10
    REAL            shift and go to state 11
    LOGICAL         shift and go to state 12

    Program                        shift and go to state 1
    ProgramUnitSeq                 shift and go to state 2
    ProgramUnit                    shift and go to state 3
    MainProgram                    shift and go to state 4
    FunctionSubprogram             shift and go to state 5
    SubroutineSubprogram           shift and go to state 6
    TypeSpec                       shift and go to state 8

state 1

    (0) S' -> Program .



state 2

    (1) Program -> ProgramUnitSeq .
    (3) ProgramUnitSeq -> ProgramUnitSeq . ProgramUnit
    (4) ProgramUnit -> . MainProgram
    (5) ProgramUnit -> . FunctionSubprogram
    (6) ProgramUnit -> . SubroutineSubprogram
    (7) MainProgram -> . PROGRAM ID MainBody END
    (8) FunctionSubprogram -> . TypeSpec FUNCTION ID ( OptParamList ) SubprogramBody END
    (9) SubroutineSubprogram -> . SUBROUTINE ID ( OptParamList ) SubprogramBody END
    (32) TypeSpec -> . INTEGER
    (33) TypeSpec -> . REAL
    (34) TypeSpec -> . LOGICAL

    $end            reduce using rule 1 (Program -> ProgramUnitSeq .)
    PROGRAM         shift and go to state 7
    SUBROUTINE      shift and go to state 9
    INTEGER         shift and go to state 10
    REAL            shift and go to state 11
    LOGICAL         shift and go to state 12

    ProgramUnit                    shift and go to state 13
    MainProgram                    shift and go to state 4
    FunctionSubprogram             shift and go to state 5
    SubroutineSubprogram           shift and go to state 6
    TypeSpec                       shift and go to state 8

state 3

    (2) ProgramUnitSeq -> ProgramUnit .

    PROGRAM         reduce using rule 2 (ProgramUnitSeq -> ProgramUnit .)
    SUBROUTINE      reduce using rule 2 (ProgramUnitSeq -> ProgramUnit .)
    INTEGER         reduce using rule 2 (ProgramUnitSeq -> ProgramUnit .)
    REAL            reduce using rule 2 (ProgramUnitSeq -> ProgramUnit .)
    LOGICAL         reduce using rule 2 (ProgramUnitSeq -> ProgramUnit .)
    $end            reduce using rule 2 (ProgramUnitSeq -> ProgramUnit .)


state 4

    (4) ProgramUnit -> MainProgram .

    PROGRAM         reduce using rule 4 (ProgramUnit -> MainProgram .)
    SUBROUTINE      reduce using rule 4 (ProgramUnit -> MainProgram .)
    INTEGER         reduce using rule 4 (ProgramUnit -> MainProgram .)
    REAL            reduce using rule 4 (ProgramUnit -> MainProgram .)
    LOGICAL         reduce using rule 4 (ProgramUnit -> MainProgram .)
    $end            reduce using rule 4 (ProgramUnit -> MainProgram .)


state 5

    (5) ProgramUnit -> FunctionSubprogram .

    PROGRAM         reduce using rule 5 (ProgramUnit -> FunctionSubprogram .)
    SUBROUTINE      reduce using rule 5 (ProgramUnit -> FunctionSubprogram .)
    INTEGER         reduce using rule 5 (ProgramUnit -> FunctionSubprogram .)
    REAL            reduce using rule 5 (ProgramUnit -> FunctionSubprogram .)
    LOGICAL         reduce using rule 5 (ProgramUnit -> FunctionSubprogram .)
    $end            reduce using rule 5 (ProgramUnit -> FunctionSubprogram .)


state 6

    (6) ProgramUnit -> SubroutineSubprogram .

    PROGRAM         reduce using rule 6 (ProgramUnit -> SubroutineSubprogram .)
    SUBROUTINE      reduce using rule 6 (ProgramUnit -> SubroutineSubprogram .)
    INTEGER         reduce using rule 6 (ProgramUnit -> SubroutineSubprogram .)
    REAL            reduce using rule 6 (ProgramUnit -> SubroutineSubprogram .)
    LOGICAL         reduce using rule 6 (ProgramUnit -> SubroutineSubprogram .)
    $end            reduce using rule 6 (ProgramUnit -> SubroutineSubprogram .)


state 7

    (7) MainProgram -> PROGRAM . ID MainBody END

    ID              shift and go to state 14


state 8

    (8) FunctionSubprogram -> TypeSpec . FUNCTION ID ( OptParamList ) SubprogramBody END

    FUNCTION        shift and go to state 15


state 9

    (9) SubroutineSubprogram -> SUBROUTINE . ID ( OptParamList ) SubprogramBody END

    ID              shift and go to state 16


state 10

    (32) TypeSpec -> INTEGER .

    FUNCTION        reduce using rule 32 (TypeSpec -> INTEGER .)
    ID              reduce using rule 32 (TypeSpec -> INTEGER .)


state 11

    (33) TypeSpec -> REAL .

    FUNCTION        reduce using rule 33 (TypeSpec -> REAL .)
    ID              reduce using rule 33 (TypeSpec -> REAL .)


state 12

    (34) TypeSpec -> LOGICAL .

    FUNCTION        reduce using rule 34 (TypeSpec -> LOGICAL .)
    ID              reduce using rule 34 (TypeSpec -> LOGICAL .)


state 13

    (3) ProgramUnitSeq -> ProgramUnitSeq ProgramUnit .

    PROGRAM         reduce using rule 3 (ProgramUnitSeq -> ProgramUnitSeq ProgramUnit .)
    SUBROUTINE      reduce using rule 3 (ProgramUnitSeq -> ProgramUnitSeq ProgramUnit .)
    INTEGER         reduce using rule 3 (ProgramUnitSeq -> ProgramUnitSeq ProgramUnit .)
    REAL            reduce using rule 3 (ProgramUnitSeq -> ProgramUnitSeq ProgramUnit .)
    LOGICAL         reduce using rule 3 (ProgramUnitSeq -> ProgramUnitSeq ProgramUnit .)
    $end            reduce using rule 3 (ProgramUnitSeq -> ProgramUnitSeq ProgramUnit .)


state 14

    (7) MainProgram -> PROGRAM ID . MainBody END
    (10) MainBody -> . DeclPart ExecPart
    (11) MainBody -> . ExecPart
    (14) DeclPart -> . DeclarationStmt
    (15) DeclPart -> . DeclPart DeclarationStmt
    (16) ExecPart -> . ExecutableStmt
    (17) ExecPart -> . ExecPart ExecutableStmt
    (31) DeclarationStmt -> . TypeSpec DeclaratorList
    (18) ExecutableStmt -> . LabeledExecutableStmt
    (19) ExecutableStmt -> . UnlabeledExecutableStmt
    (32) TypeSpec -> . INTEGER
    (33) TypeSpec -> . REAL
    (34) TypeSpec -> . LOGICAL
    (20) LabeledExecutableStmt -> . LABEL UnlabeledExecutableStmt
    (21) UnlabeledExecutableStmt -> . AssignmentStmt
    (22) UnlabeledExecutableStmt -> . IfStmt
    (23) UnlabeledExecutableStmt -> . DoStmt
    (24) UnlabeledExecutableStmt -> . GotoStmt
    (25) UnlabeledExecutableStmt -> . ContinueStmt
    (26) UnlabeledExecutableStmt -> . StopStmt
    (27) UnlabeledExecutableStmt -> . ReadStmt
    (28) UnlabeledExecutableStmt -> . PrintStmt
    (29) UnlabeledExecutableStmt -> . ReturnStmt
    (30) UnlabeledExecutableStmt -> . CallStmt
    (43) AssignmentStmt -> . Designator = Expr
    (44) IfStmt -> . IF ( Expr ) THEN ThenBlock ENDIF
    (45) IfStmt -> . IF ( Expr ) THEN ThenBlock ELSE ElseBlock ENDIF
    (50) DoStmt -> . DO INT_CONST ID = Expr , Expr DoRangeTail DoBody
    (67) GotoStmt -> . GOTO INT_CONST
    (68) ContinueStmt -> . CONTINUE
    (69) StopStmt -> . STOP
    (72) ReadStmt -> . READ TIMES , ReadList
    (76) PrintStmt -> . PRINT TIMES , PrintList
    (70) ReturnStmt -> . RETURN
    (71) CallStmt -> . CALL ID ( OptArgList )
    (80) Designator -> . ID
    (81) Designator -> . ID ( OptArgList )

    INTEGER         shift and go to state 10
    REAL            shift and go to state 11
    LOGICAL         shift and go to state 12
    LABEL           shift and go to state 26
    IF              shift and go to state 38
    DO              shift and go to state 39
    GOTO            shift and go to state 40
    CONTINUE        shift and go to state 41
    STOP            shift and go to state 42
    READ            shift and go to state 43
    PRINT           shift and go to state 44
    RETURN          shift and go to state 45
    CALL            shift and go to state 46
    ID              shift and go to state 17

    MainBody                       shift and go to state 18
    DeclPart                       shift and go to state 19
    ExecPart                       shift and go to state 20
    DeclarationStmt                shift and go to state 21
    ExecutableStmt                 shift and go to state 22
    TypeSpec                       shift and go to state 23
    LabeledExecutableStmt          shift and go to state 24
    UnlabeledExecutableStmt        shift and go to state 25
    AssignmentStmt                 shift and go to state 27
    IfStmt                         shift and go to state 28
    DoStmt                         shift and go to state 29
    GotoStmt                       shift and go to state 30
    ContinueStmt                   shift and go to state 31
    StopStmt                       shift and go to state 32
    ReadStmt                       shift and go to state 33
    PrintStmt                      shift and go to state 34
    ReturnStmt                     shift and go to state 35
    CallStmt                       shift and go to state 36
    Designator                     shift and go to state 37

state 15

    (8) FunctionSubprogram -> TypeSpec FUNCTION . ID ( OptParamList ) SubprogramBody END

    ID              shift and go to state 47


state 16

    (9) SubroutineSubprogram -> SUBROUTINE ID . ( OptParamList ) SubprogramBody END

    (               shift and go to state 48


state 17

    (80) Designator -> ID .
    (81) Designator -> ID . ( OptArgList )

    =               reduce using rule 80 (Designator -> ID .)
    POWER           reduce using rule 80 (Designator -> ID .)
    TIMES           reduce using rule 80 (Designator -> ID .)
    /               reduce using rule 80 (Designator -> ID .)
    +               reduce using rule 80 (Designator -> ID .)
    -               reduce using rule 80 (Designator -> ID .)
    LT              reduce using rule 80 (Designator -> ID .)
    LE              reduce using rule 80 (Designator -> ID .)
    EQ              reduce using rule 80 (Designator -> ID .)
    NE              reduce using rule 80 (Designator -> ID .)
    GT              reduce using rule 80 (Designator -> ID .)
    GE              reduce using rule 80 (Designator -> ID .)
    AND             reduce using rule 80 (Designator -> ID .)
    OR              reduce using rule 80 (Designator -> ID .)
    ,               reduce using rule 80 (Designator -> ID .)
    )               reduce using rule 80 (Designator -> ID .)
    LABEL           reduce using rule 80 (Designator -> ID .)
    IF              reduce using rule 80 (Designator -> ID .)
    DO              reduce using rule 80 (Designator -> ID .)
    GOTO            reduce using rule 80 (Designator -> ID .)
    CONTINUE        reduce using rule 80 (Designator -> ID .)
    STOP            reduce using rule 80 (Designator -> ID .)
    READ            reduce using rule 80 (Designator -> ID .)
    PRINT           reduce using rule 80 (Designator -> ID .)
    RETURN          reduce using rule 80 (Designator -> ID .)
    CALL            reduce using rule 80 (Designator -> ID .)
    ID              reduce using rule 80 (Designator -> ID .)
    END             reduce using rule 80 (Designator -> ID .)
    ENDIF           reduce using rule 80 (Designator -> ID .)
    ELSE            reduce using rule 80 (Designator -> ID .)
    (               shift and go to state 49


state 18

    (7) MainProgram -> PROGRAM ID MainBody . END

    END             shift and go to state 50


state 19

    (10) MainBody -> DeclPart . ExecPart
    (15) DeclPart -> DeclPart . DeclarationStmt
    (16) ExecPart -> . ExecutableStmt
    (17) ExecPart -> . ExecPart ExecutableStmt
    (31) DeclarationStmt -> . TypeSpec DeclaratorList
    (18) ExecutableStmt -> . LabeledExecutableStmt
    (19) ExecutableStmt -> . UnlabeledExecutableStmt
    (32) TypeSpec -> . INTEGER
    (33) TypeSpec -> . REAL
    (34) TypeSpec -> . LOGICAL
    (20) LabeledExecutableStmt -> . LABEL UnlabeledExecutableStmt
    (21) UnlabeledExecutableStmt -> . AssignmentStmt
    (22) UnlabeledExecutableStmt -> . IfStmt
    (23) UnlabeledExecutableStmt -> . DoStmt
    (24) UnlabeledExecutableStmt -> . GotoStmt
    (25) UnlabeledExecutableStmt -> . ContinueStmt
    (26) UnlabeledExecutableStmt -> . StopStmt
    (27) UnlabeledExecutableStmt -> . ReadStmt
    (28) UnlabeledExecutableStmt -> . PrintStmt
    (29) UnlabeledExecutableStmt -> . ReturnStmt
    (30) UnlabeledExecutableStmt -> . CallStmt
    (43) AssignmentStmt -> . Designator = Expr
    (44) IfStmt -> . IF ( Expr ) THEN ThenBlock ENDIF
    (45) IfStmt -> . IF ( Expr ) THEN ThenBlock ELSE ElseBlock ENDIF
    (50) DoStmt -> . DO INT_CONST ID = Expr , Expr DoRangeTail DoBody
    (67) GotoStmt -> . GOTO INT_CONST
    (68) ContinueStmt -> . CONTINUE
    (69) StopStmt -> . STOP
    (72) ReadStmt -> . READ TIMES , ReadList
    (76) PrintStmt -> . PRINT TIMES , PrintList
    (70) ReturnStmt -> . RETURN
    (71) CallStmt -> . CALL ID ( OptArgList )
    (80) Designator -> . ID
    (81) Designator -> . ID ( OptArgList )

    INTEGER         shift and go to state 10
    REAL            shift and go to state 11
    LOGICAL         shift and go to state 12
    LABEL           shift and go to state 26
    IF              shift and go to state 38
    DO              shift and go to state 39
    GOTO            shift and go to state 40
    CONTINUE        shift and go to state 41
    STOP            shift and go to state 42
    READ            shift and go to state 43
    PRINT           shift and go to state 44
    RETURN          shift and go to state 45
    CALL            shift and go to state 46
    ID              shift and go to state 17

    ExecPart                       shift and go to state 51
    DeclarationStmt                shift and go to state 52
    ExecutableStmt                 shift and go to state 22
    TypeSpec                       shift and go to state 23
    LabeledExecutableStmt          shift and go to state 24
    UnlabeledExecutableStmt        shift and go to state 25
    AssignmentStmt                 shift and go to state 27
    IfStmt                         shift and go to state 28
    DoStmt                         shift and go to state 29
    GotoStmt                       shift and go to state 30
    ContinueStmt                   shift and go to state 31
    StopStmt                       shift and go to state 32
    ReadStmt                       shift and go to state 33
    PrintStmt                      shift and go to state 34
    ReturnStmt                     shift and go to state 35
    CallStmt                       shift and go to state 36
    Designator                     shift and go to state 37

state 20

    (11) MainBody -> ExecPart .
    (17) ExecPart -> ExecPart . ExecutableStmt
    (18) ExecutableStmt -> . LabeledExecutableStmt
    (19) ExecutableStmt -> . UnlabeledExecutableStmt
    (20) LabeledExecutableStmt -> . LABEL UnlabeledExecutableStmt
    (21) UnlabeledExecutableStmt -> . AssignmentStmt
    (22) UnlabeledExecutableStmt -> . IfStmt
    (23) UnlabeledExecutableStmt -> . DoStmt
    (24) UnlabeledExecutableStmt -> . GotoStmt
    (25) UnlabeledExecutableStmt -> . ContinueStmt
    (26) UnlabeledExecutableStmt -> . StopStmt
    (27) UnlabeledExecutableStmt -> . ReadStmt
    (28) UnlabeledExecutableStmt -> . PrintStmt
    (29) UnlabeledExecutableStmt -> . ReturnStmt
    (30) UnlabeledExecutableStmt -> . CallStmt
    (43) AssignmentStmt -> . Designator = Expr
    (44) IfStmt -> . IF ( Expr ) THEN ThenBlock ENDIF
    (45) IfStmt -> . IF ( Expr ) THEN ThenBlock ELSE ElseBlock ENDIF
    (50) DoStmt -> . DO INT_CONST ID = Expr , Expr DoRangeTail DoBody
    (67) GotoStmt -> . GOTO INT_CONST
    (68) ContinueStmt -> . CONTINUE
    (69) StopStmt -> . STOP
    (72) ReadStmt -> . READ TIMES , ReadList
    (76) PrintStmt -> . PRINT TIMES , PrintList
    (70) ReturnStmt -> . RETURN
    (71) CallStmt -> . CALL ID ( OptArgList )
    (80) Designator -> . ID
    (81) Designator -> . ID ( OptArgList )

    END             reduce using rule 11 (MainBody -> ExecPart .)
    LABEL           shift and go to state 26
    IF              shift and go to state 38
    DO              shift and go to state 39
    GOTO            shift and go to state 40
    CONTINUE        shift and go to state 41
    STOP            shift and go to state 42
    READ            shift and go to state 43
    PRINT           shift and go to state 44
    RETURN          shift and go to state 45
    CALL            shift and go to state 46
    ID              shift and go to state 17

    ExecutableStmt                 shift and go to state 53
    LabeledExecutableStmt          shift and go to state 24
    UnlabeledExecutableStmt        shift and go to state 25
    AssignmentStmt                 shift and go to state 27
    IfStmt                         shift and go to state 28
    DoStmt                         shift and go to state 29
    GotoStmt                       shift and go to state 30
    ContinueStmt                   shift and go to state 31
    StopStmt                       shift and go to state 32
    ReadStmt                       shift and go to state 33
    PrintStmt                      shift and go to state 34
    ReturnStmt                     shift and go to state 35
    CallStmt                       shift and go to state 36
    Designator                     shift and go to state 37

state 21

    (14) DeclPart -> DeclarationStmt .

    INTEGER         reduce using rule 14 (DeclPart -> DeclarationStmt .)
    REAL            reduce using rule 14 (DeclPart -> DeclarationStmt .)
    LOGICAL         reduce using rule 14 (DeclPart -> DeclarationStmt .)
    LABEL           reduce using rule 14 (DeclPart -> DeclarationStmt .)
    IF              reduce using rule 14 (DeclPart -> DeclarationStmt .)
    DO              reduce using rule 14 (DeclPart -> DeclarationStmt .)
    GOTO            reduce using rule 14 (DeclPart -> DeclarationStmt .)
    CONTINUE        reduce using rule 14 (DeclPart -> DeclarationStmt .)
    STOP            reduce using rule 14 (DeclPart -> DeclarationStmt .)
    READ            reduce using rule 14 (DeclPart -> DeclarationStmt .)
    PRINT           reduce using rule 14 (DeclPart -> DeclarationStmt .)
    RETURN          reduce using rule 14 (DeclPart -> DeclarationStmt .)
    CALL            reduce using rule 14 (DeclPart -> DeclarationStmt .)
    ID              reduce using rule 14 (DeclPart -> DeclarationStmt .)


state 22

    (16) ExecPart -> ExecutableStmt .

    LABEL           reduce using rule 16 (ExecPart -> ExecutableStmt .)
    IF              reduce using rule 16 (ExecPart -> ExecutableStmt .)
    DO              reduce using rule 16 (ExecPart -> ExecutableStmt .)
    GOTO            reduce using rule 16 (ExecPart -> ExecutableStmt .)
    CONTINUE        reduce using rule 16 (ExecPart -> ExecutableStmt .)
    STOP            reduce using rule 16 (ExecPart -> ExecutableStmt .)
    READ            reduce using rule 16 (ExecPart -> ExecutableStmt .)
    PRINT           reduce using rule 16 (ExecPart -> ExecutableStmt .)
    RETURN          reduce using rule 16 (ExecPart -> ExecutableStmt .)
    CALL            reduce using rule 16 (ExecPart -> ExecutableStmt .)
    ID              reduce using rule 16 (ExecPart -> ExecutableStmt .)
    END             reduce using rule 16 (ExecPart -> ExecutableStmt .)


state 23

    (31) DeclarationStmt -> TypeSpec . DeclaratorList
    (35) DeclaratorList -> . Declarator
    (36) DeclaratorList -> . DeclaratorList , Declarator
    (37) Declarator -> . ID
    (38) Declarator -> . ID ( INT_CONST )

    ID              shift and go to state 56

    DeclaratorList                 shift and go to state 54
    Declarator                     shift and go to state 55

state 24

    (18) ExecutableStmt -> LabeledExecutableStmt .

    LABEL           reduce using rule 18 (ExecutableStmt -> LabeledExecutableStmt .)
    IF              reduce using rule 18 (ExecutableStmt -> LabeledExecutableStmt .)
    DO              reduce using rule 18 (ExecutableStmt -> LabeledExecutableStmt .)
    GOTO            reduce using rule 18 (ExecutableStmt -> LabeledExecutableStmt .)
    CONTINUE        reduce using rule 18 (ExecutableStmt -> LabeledExecutableStmt .)
    STOP            reduce using rule 18 (ExecutableStmt -> LabeledExecutableStmt .)
    READ            reduce using rule 18 (ExecutableStmt -> LabeledExecutableStmt .)
    PRINT           reduce using rule 18 (ExecutableStmt -> LabeledExecutableStmt .)
    RETURN          reduce using rule 18 (ExecutableStmt -> LabeledExecutableStmt .)
    CALL            reduce using rule 18 (ExecutableStmt -> LabeledExecutableStmt .)
    ID              reduce using rule 18 (ExecutableStmt -> LabeledExecutableStmt .)
    END             reduce using rule 18 (ExecutableStmt -> LabeledExecutableStmt .)
    ENDIF           reduce using rule 18 (ExecutableStmt -> LabeledExecutableStmt .)
    ELSE            reduce using rule 18 (ExecutableStmt -> LabeledExecutableStmt .)


state 25

    (19) ExecutableStmt -> UnlabeledExecutableStmt .

    LABEL           reduce using rule 19 (ExecutableStmt -> UnlabeledExecutableStmt .)
    IF              reduce using rule 19 (ExecutableStmt -> UnlabeledExecutableStmt .)
    DO              reduce using rule 19 (ExecutableStmt -> UnlabeledExecutableStmt .)
    GOTO            reduce using rule 19 (ExecutableStmt -> UnlabeledExecutableStmt .)
    CONTINUE        reduce using rule 19 (ExecutableStmt -> UnlabeledExecutableStmt .)
    STOP            reduce using rule 19 (ExecutableStmt -> UnlabeledExecutableStmt .)
    READ            reduce using rule 19 (ExecutableStmt -> UnlabeledExecutableStmt .)
    PRINT           reduce using rule 19 (ExecutableStmt -> UnlabeledExecutableStmt .)
    RETURN          reduce using rule 19 (ExecutableStmt -> UnlabeledExecutableStmt .)
    CALL            reduce using rule 19 (ExecutableStmt -> UnlabeledExecutableStmt .)
    ID              reduce using rule 19 (ExecutableStmt -> UnlabeledExecutableStmt .)
    END             reduce using rule 19 (ExecutableStmt -> UnlabeledExecutableStmt .)
    ENDIF           reduce using rule 19 (ExecutableStmt -> UnlabeledExecutableStmt .)
    ELSE            reduce using rule 19 (ExecutableStmt -> UnlabeledExecutableStmt .)


state 26

    (20) LabeledExecutableStmt -> LABEL . UnlabeledExecutableStmt
    (21) UnlabeledExecutableStmt -> . AssignmentStmt
    (22) UnlabeledExecutableStmt -> . IfStmt
    (23) UnlabeledExecutableStmt -> . DoStmt
    (24) UnlabeledExecutableStmt -> . GotoStmt
    (25) UnlabeledExecutableStmt -> . ContinueStmt
    (26) UnlabeledExecutableStmt -> . StopStmt
    (27) UnlabeledExecutableStmt -> . ReadStmt
    (28) UnlabeledExecutableStmt -> . PrintStmt
    (29) UnlabeledExecutableStmt -> . ReturnStmt
    (30) UnlabeledExecutableStmt -> . CallStmt
    (43) AssignmentStmt -> . Designator = Expr
    (44) IfStmt -> . IF ( Expr ) THEN ThenBlock ENDIF
    (45) IfStmt -> . IF ( Expr ) THEN ThenBlock ELSE ElseBlock ENDIF
    (50) DoStmt -> . DO INT_CONST ID = Expr , Expr DoRangeTail DoBody
    (67) GotoStmt -> . GOTO INT_CONST
    (68) ContinueStmt -> . CONTINUE
    (69) StopStmt -> . STOP
    (72) ReadStmt -> . READ TIMES , ReadList
    (76) PrintStmt -> . PRINT TIMES , PrintList
    (70) ReturnStmt -> . RETURN
    (71) CallStmt -> . CALL ID ( OptArgList )
    (80) Designator -> . ID
    (81) Designator -> . ID ( OptArgList )

    IF              shift and go to state 38
    DO              shift and go to state 39
    GOTO            shift and go to state 40
    CONTINUE        shift and go to state 41
    STOP            shift and go to state 42
    READ            shift and go to state 43
    PRINT           shift and go to state 44
    RETURN          shift and go to state 45
    CALL            shift and go to state 46
    ID              shift and go to state 17

    UnlabeledExecutableStmt        shift and go to state 57
    AssignmentStmt                 shift and go to state 27
    IfStmt                         shift and go to state 28
    DoStmt                         shift and go to state 29
    GotoStmt                       shift and go to state 30
    ContinueStmt                   shift and go to state 31
    StopStmt                       shift and go to state 32
    ReadStmt                       shift and go to state 33
    PrintStmt                      shift and go to state 34
    ReturnStmt                     shift and go to state 35
    CallStmt                       shift and go to state 36
    Designator                     shift and go to state 37

state 27

    (21) UnlabeledExecutableStmt -> AssignmentStmt .

    LABEL           reduce using rule 21 (UnlabeledExecutableStmt -> AssignmentStmt .)
    IF              reduce using rule 21 (UnlabeledExecutableStmt -> AssignmentStmt .)
    DO              reduce using rule 21 (UnlabeledExecutableStmt -> AssignmentStmt .)
    GOTO            reduce using rule 21 (UnlabeledExecutableStmt -> AssignmentStmt .)
    CONTINUE        reduce using rule 21 (UnlabeledExecutableStmt -> AssignmentStmt .)
    STOP            reduce using rule 21 (UnlabeledExecutableStmt -> AssignmentStmt .)
    READ            reduce using rule 21 (UnlabeledExecutableStmt -> AssignmentStmt .)
    PRINT           reduce using rule 21 (UnlabeledExecutableStmt -> AssignmentStmt .)
    RETURN          reduce using rule 21 (UnlabeledExecutableStmt -> AssignmentStmt .)
    CALL            reduce using rule 21 (UnlabeledExecutableStmt -> AssignmentStmt .)
    ID              reduce using rule 21 (UnlabeledExecutableStmt -> AssignmentStmt .)
    END             reduce using rule 21 (UnlabeledExecutableStmt -> AssignmentStmt .)
    ENDIF           reduce using rule 21 (UnlabeledExecutableStmt -> AssignmentStmt .)
    ELSE            reduce using rule 21 (UnlabeledExecutableStmt -> AssignmentStmt .)


state 28

    (22) UnlabeledExecutableStmt -> IfStmt .

    LABEL           reduce using rule 22 (UnlabeledExecutableStmt -> IfStmt .)
    IF              reduce using rule 22 (UnlabeledExecutableStmt -> IfStmt .)
    DO              reduce using rule 22 (UnlabeledExecutableStmt -> IfStmt .)
    GOTO            reduce using rule 22 (UnlabeledExecutableStmt -> IfStmt .)
    CONTINUE        reduce using rule 22 (UnlabeledExecutableStmt -> IfStmt .)
    STOP            reduce using rule 22 (UnlabeledExecutableStmt -> IfStmt .)
    READ            reduce using rule 22 (UnlabeledExecutableStmt -> IfStmt .)
    PRINT           reduce using rule 22 (UnlabeledExecutableStmt -> IfStmt .)
    RETURN          reduce using rule 22 (UnlabeledExecutableStmt -> IfStmt .)
    CALL            reduce using rule 22 (UnlabeledExecutableStmt -> IfStmt .)
    ID              reduce using rule 22 (UnlabeledExecutableStmt -> IfStmt .)
    END             reduce using rule 22 (UnlabeledExecutableStmt -> IfStmt .)
    ENDIF           reduce using rule 22 (UnlabeledExecutableStmt -> IfStmt .)
    ELSE            reduce using rule 22 (UnlabeledExecutableStmt -> IfStmt .)


state 29

    (23) UnlabeledExecutableStmt -> DoStmt .

    LABEL           reduce using rule 23 (UnlabeledExecutableStmt -> DoStmt .)
    IF              reduce using rule 23 (UnlabeledExecutableStmt -> DoStmt .)
    DO              reduce using rule 23 (UnlabeledExecutableStmt -> DoStmt .)
    GOTO            reduce using rule 23 (UnlabeledExecutableStmt -> DoStmt .)
    CONTINUE        reduce using rule 23 (UnlabeledExecutableStmt -> DoStmt .)
    STOP            reduce using rule 23 (UnlabeledExecutableStmt -> DoStmt .)
    READ            reduce using rule 23 (UnlabeledExecutableStmt -> DoStmt .)
    PRINT           reduce using rule 23 (UnlabeledExecutableStmt -> DoStmt .)
    RETURN          reduce using rule 23 (UnlabeledExecutableStmt -> DoStmt .)
    CALL            reduce using rule 23 (UnlabeledExecutableStmt -> DoStmt .)
    ID              reduce using rule 23 (UnlabeledExecutableStmt -> DoStmt .)
    END             reduce using rule 23 (UnlabeledExecutableStmt -> DoStmt .)
    ENDIF           reduce using rule 23 (UnlabeledExecutableStmt -> DoStmt .)
    ELSE            reduce using rule 23 (UnlabeledExecutableStmt -> DoStmt .)


state 30

    (24) UnlabeledExecutableStmt -> GotoStmt .

    LABEL           reduce using rule 24 (UnlabeledExecutableStmt -> GotoStmt .)
    IF              reduce using rule 24 (UnlabeledExecutableStmt -> GotoStmt .)
    DO              reduce using rule 24 (UnlabeledExecutableStmt -> GotoStmt .)
    GOTO            reduce using rule 24 (UnlabeledExecutableStmt -> GotoStmt .)
    CONTINUE        reduce using rule 24 (UnlabeledExecutableStmt -> GotoStmt .)
    STOP            reduce using rule 24 (UnlabeledExecutableStmt -> GotoStmt .)
    READ            reduce using rule 24 (UnlabeledExecutableStmt -> GotoStmt .)
    PRINT           reduce using rule 24 (UnlabeledExecutableStmt -> GotoStmt .)
    RETURN          reduce using rule 24 (UnlabeledExecutableStmt -> GotoStmt .)
    CALL            reduce using rule 24 (UnlabeledExecutableStmt -> GotoStmt .)
    ID              reduce using rule 24 (UnlabeledExecutableStmt -> GotoStmt .)
    END             reduce using rule 24 (UnlabeledExecutableStmt -> GotoStmt .)
    ENDIF           reduce using rule 24 (UnlabeledExecutableStmt -> GotoStmt .)
    ELSE            reduce using rule 24 (UnlabeledExecutableStmt -> GotoStmt .)


state 31

    (25) UnlabeledExecutableStmt -> ContinueStmt .

    LABEL           reduce using rule 25 (UnlabeledExecutableStmt -> ContinueStmt .)
    IF              reduce using rule 25 (UnlabeledExecutableStmt -> ContinueStmt .)
    DO              reduce using rule 25 (UnlabeledExecutableStmt -> ContinueStmt .)
    GOTO            reduce using rule 25 (UnlabeledExecutableStmt -> ContinueStmt .)
    CONTINUE        reduce using rule 25 (UnlabeledExecutableStmt -> ContinueStmt .)
    STOP            reduce using rule 25 (UnlabeledExecutableStmt -> ContinueStmt .)
    READ            reduce using rule 25 (UnlabeledExecutableStmt -> ContinueStmt .)
    PRINT           reduce using rule 25 (UnlabeledExecutableStmt -> ContinueStmt .)
    RETURN          reduce using rule 25 (UnlabeledExecutableStmt -> ContinueStmt .)
    CALL            reduce using rule 25 (UnlabeledExecutableStmt -> ContinueStmt .)
    ID              reduce using rule 25 (UnlabeledExecutableStmt -> ContinueStmt .)
    END             reduce using rule 25 (UnlabeledExecutableStmt -> ContinueStmt .)
    ENDIF           reduce using rule 25 (UnlabeledExecutableStmt -> ContinueStmt .)
    ELSE            reduce using rule 25 (UnlabeledExecutableStmt -> ContinueStmt .)


state 32

    (26) UnlabeledExecutableStmt -> StopStmt .

    LABEL           reduce using rule 26 (UnlabeledExecutableStmt -> StopStmt .)
    IF              reduce using rule 26 (UnlabeledExecutableStmt -> StopStmt .)
    DO              reduce using rule 26 (UnlabeledExecutableStmt -> StopStmt .)
    GOTO            reduce using rule 26 (UnlabeledExecutableStmt -> StopStmt .)
    CONTINUE        reduce using rule 26 (UnlabeledExecutableStmt -> StopStmt .)
    STOP            reduce using rule 26 (UnlabeledExecutableStmt -> StopStmt .)
    READ            reduce using rule 26 (UnlabeledExecutableStmt -> StopStmt .)
    PRINT           reduce using rule 26 (UnlabeledExecutableStmt -> StopStmt .)
    RETURN          reduce using rule 26 (UnlabeledExecutableStmt -> StopStmt .)
    CALL            reduce using rule 26 (UnlabeledExecutableStmt -> StopStmt .)
    ID              reduce using rule 26 (UnlabeledExecutableStmt -> StopStmt .)
    END             reduce using rule 26 (UnlabeledExecutableStmt -> StopStmt .)
    ENDIF           reduce using rule 26 (UnlabeledExecutableStmt -> StopStmt .)
    ELSE            reduce using rule 26 (UnlabeledExecutableStmt -> StopStmt .)


state 33

    (27) UnlabeledExecutableStmt -> ReadStmt .

    LABEL           reduce using rule 27 (UnlabeledExecutableStmt -> ReadStmt .)
    IF              reduce using rule 27 (UnlabeledExecutableStmt -> ReadStmt .)
    DO              reduce using rule 27 (UnlabeledExecutableStmt -> ReadStmt .)
    GOTO            reduce using rule 27 (UnlabeledExecutableStmt -> ReadStmt .)
    CONTINUE        reduce using rule 27 (UnlabeledExecutableStmt -> ReadStmt .)
    STOP            reduce using rule 27 (UnlabeledExecutableStmt -> ReadStmt .)
    READ            reduce using rule 27 (UnlabeledExecutableStmt -> ReadStmt .)
    PRINT           reduce using rule 27 (UnlabeledExecutableStmt -> ReadStmt .)
    RETURN          reduce using rule 27 (UnlabeledExecutableStmt -> ReadStmt .)
    CALL            reduce using rule 27 (UnlabeledExecutableStmt -> ReadStmt .)
    ID              reduce using rule 27 (UnlabeledExecutableStmt -> ReadStmt .)
    END             reduce using rule 27 (UnlabeledExecutableStmt -> ReadStmt .)
    ENDIF           reduce using rule 27 (UnlabeledExecutableStmt -> ReadStmt .)
    ELSE            reduce using rule 27 (UnlabeledExecutableStmt -> ReadStmt .)


state 34

    (28) UnlabeledExecutableStmt -> PrintStmt .

    LABEL           reduce using rule 28 (UnlabeledExecutableStmt -> PrintStmt .)
    IF              reduce using rule 28 (UnlabeledExecutableStmt -> PrintStmt .)
    DO              reduce using rule 28 (UnlabeledExecutableStmt -> PrintStmt .)
    GOTO            reduce using rule 28 (UnlabeledExecutableStmt -> PrintStmt .)
    CONTINUE        reduce using rule 28 (UnlabeledExecutableStmt -> PrintStmt .)
    STOP            reduce using rule 28 (UnlabeledExecutableStmt -> PrintStmt .)
    READ            reduce using rule 28 (UnlabeledExecutableStmt -> PrintStmt .)
    PRINT           reduce using rule 28 (UnlabeledExecutableStmt -> PrintStmt .)
    RETURN          reduce using rule 28 (UnlabeledExecutableStmt -> PrintStmt .)
    CALL            reduce using rule 28 (UnlabeledExecutableStmt -> PrintStmt .)
    ID              reduce using rule 28 (UnlabeledExecutableStmt -> PrintStmt .)
    END             reduce using rule 28 (UnlabeledExecutableStmt -> PrintStmt .)
    ENDIF           reduce using rule 28 (UnlabeledExecutableStmt -> PrintStmt .)
    ELSE            reduce using rule 28 (UnlabeledExecutableStmt -> PrintStmt .)


state 35

    (29) UnlabeledExecutableStmt -> ReturnStmt .

    LABEL           reduce using rule 29 (UnlabeledExecutableStmt -> ReturnStmt .)
    IF              reduce using rule 29 (UnlabeledExecutableStmt -> ReturnStmt .)
    DO              reduce using rule 29 (UnlabeledExecutableStmt -> ReturnStmt .)
    GOTO            reduce using rule 29 (UnlabeledExecutableStmt -> ReturnStmt .)
    CONTINUE        reduce using rule 29 (UnlabeledExecutableStmt -> ReturnStmt .)
    STOP            reduce using rule 29 (UnlabeledExecutableStmt -> ReturnStmt .)
    READ            reduce using rule 29 (UnlabeledExecutableStmt -> ReturnStmt .)
    PRINT           reduce using rule 29 (UnlabeledExecutableStmt -> ReturnStmt .)
    RETURN          reduce using rule 29 (UnlabeledExecutableStmt -> ReturnStmt .)
    CALL            reduce using rule 29 (UnlabeledExecutableStmt -> ReturnStmt .)
    ID              reduce using rule 29 (UnlabeledExecutableStmt -> ReturnStmt .)
    END             reduce using rule 29 (UnlabeledExecutableStmt -> ReturnStmt .)
    ENDIF           reduce using rule 29 (UnlabeledExecutableStmt -> ReturnStmt .)
    ELSE            reduce using rule 29 (UnlabeledExecutableStmt -> ReturnStmt .)


state 36

    (30) UnlabeledExecutableStmt -> CallStmt .

    LABEL           reduce using rule 30 (UnlabeledExecutableStmt -> CallStmt .)
    IF              reduce using rule 30 (UnlabeledExecutableStmt -> CallStmt .)
    DO              reduce using rule 30 (UnlabeledExecutableStmt -> CallStmt .)
    GOTO            reduce using rule 30 (UnlabeledExecutableStmt -> CallStmt .)
    CONTINUE        reduce using rule 30 (UnlabeledExecutableStmt -> CallStmt .)
    STOP            reduce using rule 30 (UnlabeledExecutableStmt -> CallStmt .)
    READ            reduce using rule 30 (UnlabeledExecutableStmt -> CallStmt .)
    PRINT           reduce using rule 30 (UnlabeledExecutableStmt -> CallStmt .)
    RETURN          reduce using rule 30 (UnlabeledExecutableStmt -> CallStmt .)
    CALL            reduce using rule 30 (UnlabeledExecutableStmt -> CallStmt .)
    ID              reduce using rule 30 (UnlabeledExecutableStmt -> CallStmt .)
    END             reduce using rule 30 (UnlabeledExecutableStmt -> CallStmt .)
    ENDIF           reduce using rule 30 (UnlabeledExecutableStmt -> CallStmt .)
    ELSE            reduce using rule 30 (UnlabeledExecutableStmt -> CallStmt .)


state 37

    (43) AssignmentStmt -> Designator . = Expr

    =               shift and go to state 58


state 38

    (44) IfStmt -> IF . ( Expr ) THEN ThenBlock ENDIF
    (45) IfStmt -> IF . ( Expr ) THEN ThenBlock ELSE ElseBlock ENDIF

    (               shift and go to state 59


state 39

    (50) DoStmt -> DO . INT_CONST ID = Expr , Expr DoRangeTail DoBody

    INT_CONST       shift and go to state 60


state 40

    (67) GotoStmt -> GOTO . INT_CONST

    INT_CONST       shift and go to state 61


state 41

    (68) ContinueStmt -> CONTINUE .

    LABEL           reduce using rule 68 (ContinueStmt -> CONTINUE .)
    IF              reduce using rule 68 (ContinueStmt -> CONTINUE .)
    DO              reduce using rule 68 (ContinueStmt -> CONTINUE .)
    GOTO            reduce using rule 68 (ContinueStmt -> CONTINUE .)
    CONTINUE        reduce using rule 68 (ContinueStmt -> CONTINUE .)
    STOP            reduce using rule 68 (ContinueStmt -> CONTINUE .)
    READ            reduce using rule 68 (ContinueStmt -> CONTINUE .)
    PRINT           reduce using rule 68 (ContinueStmt -> CONTINUE .)
    RETURN          reduce using rule 68 (ContinueStmt -> CONTINUE .)
    CALL            reduce using rule 68 (ContinueStmt -> CONTINUE .)
    ID              reduce using rule 68 (ContinueStmt -> CONTINUE .)
    END             reduce using rule 68 (ContinueStmt -> CONTINUE .)
    ENDIF           reduce using rule 68 (ContinueStmt -> CONTINUE .)
    ELSE            reduce using rule 68 (ContinueStmt -> CONTINUE .)


state 42

    (69) StopStmt -> STOP .

    LABEL           reduce using rule 69 (StopStmt -> STOP .)
    IF              reduce using rule 69 (StopStmt -> STOP .)
    DO              reduce using rule 69 (StopStmt -> STOP .)
    GOTO            reduce using rule 69 (StopStmt -> STOP .)
    CONTINUE        reduce using rule 69 (StopStmt -> STOP .)
    STOP            reduce using rule 69 (StopStmt -> STOP .)
    READ            reduce using rule 69 (StopStmt -> STOP .)
    PRINT           reduce using rule 69 (StopStmt -> STOP .)
    RETURN          reduce using rule 69 (StopStmt -> STOP .)
    CALL            reduce using rule 69 (StopStmt -> STOP .)
    ID              reduce using rule 69 (StopStmt -> STOP .)
    END             reduce using rule 69 (StopStmt -> STOP .)
    ENDIF           reduce using rule 69 (StopStmt -> STOP .)
    ELSE            reduce using rule 69 (StopStmt -> STOP .)


state 43

    (72) ReadStmt -> READ . TIMES , ReadList

    TIMES           shift and go to state 62


state 44

    (76) PrintStmt -> PRINT . TIMES , PrintList

    TIMES           shift and go to state 63


state 45

    (70) ReturnStmt -> RETURN .

    LABEL           reduce using rule 70 (ReturnStmt -> RETURN .)
    IF              reduce using rule 70 (ReturnStmt -> RETURN .)
    DO              reduce using rule 70 (ReturnStmt -> RETURN .)
    GOTO            reduce using rule 70 (ReturnStmt -> RETURN .)
    CONTINUE        reduce using rule 70 (ReturnStmt -> RETURN .)
    STOP            reduce using rule 70 (ReturnStmt -> RETURN .)
    READ            reduce using rule 70 (ReturnStmt -> RETURN .)
    PRINT           reduce using rule 70 (ReturnStmt -> RETURN .)
    RETURN          reduce using rule 70 (ReturnStmt -> RETURN .)
    CALL            reduce using rule 70 (ReturnStmt -> RETURN .)
    ID              reduce using rule 70 (ReturnStmt -> RETURN .)
    END             reduce using rule 70 (ReturnStmt -> RETURN .)
    ENDIF           reduce using rule 70 (ReturnStmt -> RETURN .)
    ELSE            reduce using rule 70 (ReturnStmt -> RETURN .)


state 46

    (71) CallStmt -> CALL . ID ( OptArgList )

    ID              shift and go to state 64


state 47

    (8) FunctionSubprogram -> TypeSpec FUNCTION ID . ( OptParamList ) SubprogramBody END

    (               shift and go to state 65


state 48

    (9) SubroutineSubprogram -> SUBROUTINE ID ( . OptParamList ) SubprogramBody END
    (39) OptParamList -> . ParamList
    (40) OptParamList -> . Empty
    (41) ParamList -> . ID
    (42) ParamList -> . ParamList , ID
    (119) Empty -> .

    ID              shift and go to state 66
    )               reduce using rule 119 (Empty -> .)

    OptParamList                   shift and go to state 67
    ParamList                      shift and go to state 68
    Empty                          shift and go to state 69

state 49

    (81) Designator -> ID ( . OptArgList )
    (82) OptArgList -> . ArgList
    (83) OptArgList -> . Empty
    (84) ArgList -> . Expr
    (85) ArgList -> . ArgList , Expr
    (119) Empty -> .
    (86) Expr -> . OrExpr
    (87) OrExpr -> . AndExpr
    (88) OrExpr -> . OrExpr OR AndExpr
    (89) AndExpr -> . NotExpr
    (90) AndExpr -> . AndExpr AND NotExpr
    (91) NotExpr -> . RelExpr
    (92) NotExpr -> . NOT NotExpr
    (93) RelExpr -> . AddExpr
    (94) RelExpr -> . AddExpr RelOp AddExpr
    (101) AddExpr -> . MulExpr
    (102) AddExpr -> . AddExpr + MulExpr
    (103) AddExpr -> . AddExpr - MulExpr
    (104) MulExpr -> . PowExpr
    (105) MulExpr -> . MulExpr TIMES PowExpr
    (106) MulExpr -> . MulExpr / PowExpr
    (107) PowExpr -> . UnaryExpr
    (108) PowExpr -> . Primary POWER PowExpr
    (109) UnaryExpr -> . Primary
    (110) UnaryExpr -> . + UnaryExpr
    (111) UnaryExpr -> . - UnaryExpr
    (112) Primary -> . INT_CONST
    (113) Primary -> . REAL_CONST
    (114) Primary -> . TRUE
    (115) Primary -> . FALSE
    (116) Primary -> . STRING_CONST
    (117) Primary -> . Designator
    (118) Primary -> . ( Expr )
    (80) Designator -> . ID
    (81) Designator -> . ID ( OptArgList )

    )               reduce using rule 119 (Empty -> .)
    NOT             shift and go to state 79
    +               shift and go to state 82
    -               shift and go to state 83
    INT_CONST       shift and go to state 87
    REAL_CONST      shift and go to state 88
    TRUE            shift and go to state 89
    FALSE           shift and go to state 90
    STRING_CONST    shift and go to state 91
    (               shift and go to state 70
    ID              shift and go to state 17

    OptArgList                     shift and go to state 71
    ArgList                        shift and go to state 72
    Empty                          shift and go to state 73
    Expr                           shift and go to state 74
    OrExpr                         shift and go to state 75
    AndExpr                        shift and go to state 76
    NotExpr                        shift and go to state 77
    RelExpr                        shift and go to state 78
    AddExpr                        shift and go to state 80
    MulExpr                        shift and go to state 81
    PowExpr                        shift and go to state 84
    UnaryExpr                      shift and go to state 85
    Primary                        shift and go to state 86
    Designator                     shift and go to state 92

state 50

    (7) MainProgram -> PROGRAM ID MainBody END .

    PROGRAM         reduce using rule 7 (MainProgram -> PROGRAM ID MainBody END .)
    SUBROUTINE      reduce using rule 7 (MainProgram -> PROGRAM ID MainBody END .)
    INTEGER         reduce using rule 7 (MainProgram -> PROGRAM ID MainBody END .)
    REAL            reduce using rule 7 (MainProgram -> PROGRAM ID MainBody END .)
    LOGICAL         reduce using rule 7 (MainProgram -> PROGRAM ID MainBody END .)
    $end            reduce using rule 7 (MainProgram -> PROGRAM ID MainBody END .)


state 51

    (10) MainBody -> DeclPart ExecPart .
    (17) ExecPart -> ExecPart . ExecutableStmt
    (18) ExecutableStmt -> . LabeledExecutableStmt
    (19) ExecutableStmt -> . UnlabeledExecutableStmt
    (20) LabeledExecutableStmt -> . LABEL UnlabeledExecutableStmt
    (21) UnlabeledExecutableStmt -> . AssignmentStmt
    (22) UnlabeledExecutableStmt -> . IfStmt
    (23) UnlabeledExecutableStmt -> . DoStmt
    (24) UnlabeledExecutableStmt -> . GotoStmt
    (25) UnlabeledExecutableStmt -> . ContinueStmt
    (26) UnlabeledExecutableStmt -> . StopStmt
    (27) UnlabeledExecutableStmt -> . ReadStmt
    (28) UnlabeledExecutableStmt -> . PrintStmt
    (29) UnlabeledExecutableStmt -> . ReturnStmt
    (30) UnlabeledExecutableStmt -> . CallStmt
    (43) AssignmentStmt -> . Designator = Expr
    (44) IfStmt -> . IF ( Expr ) THEN ThenBlock ENDIF
    (45) IfStmt -> . IF ( Expr ) THEN ThenBlock ELSE ElseBlock ENDIF
    (50) DoStmt -> . DO INT_CONST ID = Expr , Expr DoRangeTail DoBody
    (67) GotoStmt -> . GOTO INT_CONST
    (68) ContinueStmt -> . CONTINUE
    (69) StopStmt -> . STOP
    (72) ReadStmt -> . READ TIMES , ReadList
    (76) PrintStmt -> . PRINT TIMES , PrintList
    (70) ReturnStmt -> . RETURN
    (71) CallStmt -> . CALL ID ( OptArgList )
    (80) Designator -> . ID
    (81) Designator -> . ID ( OptArgList )

    END             reduce using rule 10 (MainBody -> DeclPart ExecPart .)
    LABEL           shift and go to state 26
    IF              shift and go to state 38
    DO              shift and go to state 39
    GOTO            shift and go to state 40
    CONTINUE        shift and go to state 41
    STOP            shift and go to state 42
    READ            shift and go to state 43
    PRINT           shift and go to state 44
    RETURN          shift and go to state 45
    CALL            shift and go to state 46
    ID              shift and go to state 17

    ExecutableStmt                 shift and go to state 53
    LabeledExecutableStmt          shift and go to state 24
    UnlabeledExecutableStmt        shift and go to state 25
    AssignmentStmt                 shift and go to state 27
    IfStmt                         shift and go to state 28
    DoStmt                         shift and go to state 29
    GotoStmt                       shift and go to state 30
    ContinueStmt                   shift and go to state 31
    StopStmt                       shift and go to state 32
    ReadStmt                       shift and go to state 33
    PrintStmt                      shift and go to state 34
    ReturnStmt                     shift and go to state 35
    CallStmt                       shift and go to state 36
    Designator                     shift and go to state 37

state 52

    (15) DeclPart -> DeclPart DeclarationStmt .

    INTEGER         reduce using rule 15 (DeclPart -> DeclPart DeclarationStmt .)
    REAL            reduce using rule 15 (DeclPart -> DeclPart DeclarationStmt .)
    LOGICAL         reduce using rule 15 (DeclPart -> DeclPart DeclarationStmt .)
    LABEL           reduce using rule 15 (DeclPart -> DeclPart DeclarationStmt .)
    IF              reduce using rule 15 (DeclPart -> DeclPart DeclarationStmt .)
    DO              reduce using rule 15 (DeclPart -> DeclPart DeclarationStmt .)
    GOTO            reduce using rule 15 (DeclPart -> DeclPart DeclarationStmt .)
    CONTINUE        reduce using rule 15 (DeclPart -> DeclPart DeclarationStmt .)
    STOP            reduce using rule 15 (DeclPart -> DeclPart DeclarationStmt .)
    READ            reduce using rule 15 (DeclPart -> DeclPart DeclarationStmt .)
    PRINT           reduce using rule 15 (DeclPart -> DeclPart DeclarationStmt .)
    RETURN          reduce using rule 15 (DeclPart -> DeclPart DeclarationStmt .)
    CALL            reduce using rule 15 (DeclPart -> DeclPart DeclarationStmt .)
    ID              reduce using rule 15 (DeclPart -> DeclPart DeclarationStmt .)


state 53

    (17) ExecPart -> ExecPart ExecutableStmt .

    LABEL           reduce using rule 17 (ExecPart -> ExecPart ExecutableStmt .)
    IF              reduce using rule 17 (ExecPart -> ExecPart ExecutableStmt .)
    DO              reduce using rule 17 (ExecPart -> ExecPart ExecutableStmt .)
    GOTO            reduce using rule 17 (ExecPart -> ExecPart ExecutableStmt .)
    CONTINUE        reduce using rule 17 (ExecPart -> ExecPart ExecutableStmt .)
    STOP            reduce using rule 17 (ExecPart -> ExecPart ExecutableStmt .)
    READ            reduce using rule 17 (ExecPart -> ExecPart ExecutableStmt .)
    PRINT           reduce using rule 17 (ExecPart -> ExecPart ExecutableStmt .)
    RETURN          reduce using rule 17 (ExecPart -> ExecPart ExecutableStmt .)
    CALL            reduce using rule 17 (ExecPart -> ExecPart ExecutableStmt .)
    ID              reduce using rule 17 (ExecPart -> ExecPart ExecutableStmt .)
    END             reduce using rule 17 (ExecPart -> ExecPart ExecutableStmt .)


state 54

    (31) DeclarationStmt -> TypeSpec DeclaratorList .
    (36) DeclaratorList -> DeclaratorList . , Declarator

    INTEGER         reduce using rule 31 (DeclarationStmt -> TypeSpec DeclaratorList .)
    REAL            reduce using rule 31 (DeclarationStmt -> TypeSpec DeclaratorList .)
    LOGICAL         reduce using rule 31 (DeclarationStmt -> TypeSpec DeclaratorList .)
    LABEL           reduce using rule 31 (DeclarationStmt -> TypeSpec DeclaratorList .)
    IF              reduce using rule 31 (DeclarationStmt -> TypeSpec DeclaratorList .)
    DO              reduce using rule 31 (DeclarationStmt -> TypeSpec DeclaratorList .)
    GOTO            reduce using rule 31 (DeclarationStmt -> TypeSpec DeclaratorList .)
    CONTINUE        reduce using rule 31 (DeclarationStmt -> TypeSpec DeclaratorList .)
    STOP            reduce using rule 31 (DeclarationStmt -> TypeSpec DeclaratorList .)
    READ            reduce using rule 31 (DeclarationStmt -> TypeSpec DeclaratorList .)
    PRINT           reduce using rule 31 (DeclarationStmt -> TypeSpec DeclaratorList .)
    RETURN          reduce using rule 31 (DeclarationStmt -> TypeSpec DeclaratorList .)
    CALL            reduce using rule 31 (DeclarationStmt -> TypeSpec DeclaratorList .)
    ID              reduce using rule 31 (DeclarationStmt -> TypeSpec DeclaratorList .)
    ,               shift and go to state 93


state 55

    (35) DeclaratorList -> Declarator .

    ,               reduce using rule 35 (DeclaratorList -> Declarator .)
    INTEGER         reduce using rule 35 (DeclaratorList -> Declarator .)
    REAL            reduce using rule 35 (DeclaratorList -> Declarator .)
    LOGICAL         reduce using rule 35 (DeclaratorList -> Declarator .)
    LABEL           reduce using rule 35 (DeclaratorList -> Declarator .)
    IF              reduce using rule 35 (DeclaratorList -> Declarator .)
    DO              reduce using rule 35 (DeclaratorList -> Declarator .)
    GOTO            reduce using rule 35 (DeclaratorList -> Declarator .)
    CONTINUE        reduce using rule 35 (DeclaratorList -> Declarator .)
    STOP            reduce using rule 35 (DeclaratorList -> Declarator .)
    READ            reduce using rule 35 (DeclaratorList -> Declarator .)
    PRINT           reduce using rule 35 (DeclaratorList -> Declarator .)
    RETURN          reduce using rule 35 (DeclaratorList -> Declarator .)
    CALL            reduce using rule 35 (DeclaratorList -> Declarator .)
    ID              reduce using rule 35 (DeclaratorList -> Declarator .)


state 56

    (37) Declarator -> ID .
    (38) Declarator -> ID . ( INT_CONST )

    ,               reduce using rule 37 (Declarator -> ID .)
    INTEGER         reduce using rule 37 (Declarator -> ID .)
    REAL            reduce using rule 37 (Declarator -> ID .)
    LOGICAL         reduce using rule 37 (Declarator -> ID .)
    LABEL           reduce using rule 37 (Declarator -> ID .)
    IF              reduce using rule 37 (Declarator -> ID .)
    DO              reduce using rule 37 (Declarator -> ID .)
    GOTO            reduce using rule 37 (Declarator -> ID .)
    CONTINUE        reduce using rule 37 (Declarator -> ID .)
    STOP            reduce using rule 37 (Declarator -> ID .)
    READ            reduce using rule 37 (Declarator -> ID .)
    PRINT           reduce using rule 37 (Declarator -> ID .)
    RETURN          reduce using rule 37 (Declarator -> ID .)
    CALL            reduce using rule 37 (Declarator -> ID .)
    ID              reduce using rule 37 (Declarator -> ID .)
    (               shift and go to state 94


state 57

    (20) LabeledExecutableStmt -> LABEL UnlabeledExecutableStmt .

    LABEL           reduce using rule 20 (LabeledExecutableStmt -> LABEL UnlabeledExecutableStmt .)
    IF              reduce using rule 20 (LabeledExecutableStmt -> LABEL UnlabeledExecutableStmt .)
    DO              reduce using rule 20 (LabeledExecutableStmt -> LABEL UnlabeledExecutableStmt .)
    GOTO            reduce using rule 20 (LabeledExecutableStmt -> LABEL UnlabeledExecutableStmt .)
    CONTINUE        reduce using rule 20 (LabeledExecutableStmt -> LABEL UnlabeledExecutableStmt .)
    STOP            reduce using rule 20 (LabeledExecutableStmt -> LABEL UnlabeledExecutableStmt .)
    READ            reduce using rule 20 (LabeledExecutableStmt -> LABEL UnlabeledExecutableStmt .)
    PRINT           reduce using rule 20 (LabeledExecutableStmt -> LABEL UnlabeledExecutableStmt .)
    RETURN          reduce using rule 20 (LabeledExecutableStmt -> LABEL UnlabeledExecutableStmt .)
    CALL            reduce using rule 20 (LabeledExecutableStmt -> LABEL UnlabeledExecutableStmt .)
    ID              reduce using rule 20 (LabeledExecutableStmt -> LABEL UnlabeledExecutableStmt .)
    END             reduce using rule 20 (LabeledExecutableStmt -> LABEL UnlabeledExecutableStmt .)
    ENDIF           reduce using rule 20 (LabeledExecutableStmt -> LABEL UnlabeledExecutableStmt .)
    ELSE            reduce using rule 20 (LabeledExecutableStmt -> LABEL UnlabeledExecutableStmt .)


state 58

    (43) AssignmentStmt -> Designator = . Expr
    (86) Expr -> . OrExpr
    (87) OrExpr -> . AndExpr
    (88) OrExpr -> . OrExpr OR AndExpr
    (89) AndExpr -> . NotExpr
    (90) AndExpr -> . AndExpr AND NotExpr
    (91) NotExpr -> . RelExpr
    (92) NotExpr -> . NOT NotExpr
    (93) RelExpr -> . AddExpr
    (94) RelExpr -> . AddExpr RelOp AddExpr
    (101) AddExpr -> . MulExpr
    (102) AddExpr -> . AddExpr + MulExpr
    (103) AddExpr -> . AddExpr - MulExpr
    (104) MulExpr -> . PowExpr
    (105) MulExpr -> . MulExpr TIMES PowExpr
    (106) MulExpr -> . MulExpr / PowExpr
    (107) PowExpr -> . UnaryExpr
    (108) PowExpr -> . Primary POWER PowExpr
    (109) UnaryExpr -> . Primary
    (110) UnaryExpr -> . + UnaryExpr
    (111) UnaryExpr -> . - UnaryExpr
    (112) Primary -> . INT_CONST
    (113) Primary -> . REAL_CONST
    (114) Primary -> . TRUE
    (115) Primary -> . FALSE
    (116) Primary -> . STRING_CONST
    (117) Primary -> . Designator
    (118) Primary -> . ( Expr )
    (80) Designator -> . ID
    (81) Designator -> . ID ( OptArgList )

    NOT             shift and go to state 79
    +               shift and go to state 82
    -               shift and go to state 83
    INT_CONST       shift and go to state 87
    REAL_CONST      shift and go to state 88
    TRUE            shift and go to state 89
    FALSE           shift and go to state 90
    STRING_CONST    shift and go to state 91
    (               shift and go to state 70
    ID              shift and go to state 17

    Designator                     shift and go to state 92
    Expr                           shift and go to state 95
    OrExpr                         shift and go to state 75
    AndExpr                        shift and go to state 76
    NotExpr                        shift and go to state 77
    RelExpr                        shift and go to state 78
    AddExpr                        shift and go to state 80
    MulExpr                        shift and go to state 81
    PowExpr                        shift and go to state 84
    UnaryExpr                      shift and go to state 85
    Primary                        shift and go to state 86

state 59

    (44) IfStmt -> IF ( . Expr ) THEN ThenBlock ENDIF
    (45) IfStmt -> IF ( . Expr ) THEN ThenBlock ELSE ElseBlock ENDIF
    (86) Expr -> . OrExpr
    (87) OrExpr -> . AndExpr
    (88) OrExpr -> . OrExpr OR AndExpr
    (89) AndExpr -> . NotExpr
    (90) AndExpr -> . AndExpr AND NotExpr
    (91) NotExpr -> . RelExpr
    (92) NotExpr -> . NOT NotExpr
    (93) RelExpr -> . AddExpr
    (94) RelExpr -> . AddExpr RelOp AddExpr
    (101) AddExpr -> . MulExpr
    (102) AddExpr -> . AddExpr + MulExpr
    (103) AddExpr -> . AddExpr - MulExpr
    (104) MulExpr -> . PowExpr
    (105) MulExpr -> . MulExpr TIMES PowExpr
    (106) MulExpr -> . MulExpr / PowExpr
    (107) PowExpr -> . UnaryExpr
    (108) PowExpr -> . Primary POWER PowExpr
    (109) UnaryExpr -> . Primary
    (110) UnaryExpr -> . + UnaryExpr
    (111) UnaryExpr -> . - UnaryExpr
    (112) Primary -> . INT_CONST
    (113) Primary -> . REAL_CONST
    (114) Primary -> . TRUE
    (115) Primary -> . FALSE
    (116) Primary -> . STRING_CONST
    (117) Primary -> . Designator
    (118) Primary -> . ( Expr )
    (80) Designator -> . ID
    (81) Designator -> . ID ( OptArgList )

    NOT             shift and go to state 79
    +               shift and go to state 82
    -               shift and go to state 83
    INT_CONST       shift and go to state 87
    REAL_CONST      shift and go to state 88
    TRUE            shift and go to state 89
    FALSE           shift and go to state 90
    STRING_CONST    shift and go to state 91
    (               shift and go to state 70
    ID              shift and go to state 17

    Expr                           shift and go to state 96
    OrExpr                         shift and go to state 75
    AndExpr                        shift and go to state 76
    NotExpr                        shift and go to state 77
    RelExpr                        shift and go to state 78
    AddExpr                        shift and go to state 80
    MulExpr                        shift and go to state 81
    PowExpr                        shift and go to state 84
    UnaryExpr                      shift and go to state 85
    Primary                        shift and go to state 86
    Designator                     shift and go to state 92

state 60

    (50) DoStmt -> DO INT_CONST . ID = Expr , Expr DoRangeTail DoBody

    ID              shift and go to state 97


state 61

    (67) GotoStmt -> GOTO INT_CONST .

    LABEL           reduce using rule 67 (GotoStmt -> GOTO INT_CONST .)
    IF              reduce using rule 67 (GotoStmt -> GOTO INT_CONST .)
    DO              reduce using rule 67 (GotoStmt -> GOTO INT_CONST .)
    GOTO            reduce using rule 67 (GotoStmt -> GOTO INT_CONST .)
    CONTINUE        reduce using rule 67 (GotoStmt -> GOTO INT_CONST .)
    STOP            reduce using rule 67 (GotoStmt -> GOTO INT_CONST .)
    READ            reduce using rule 67 (GotoStmt -> GOTO INT_CONST .)
    PRINT           reduce using rule 67 (GotoStmt -> GOTO INT_CONST .)
    RETURN          reduce using rule 67 (GotoStmt -> GOTO INT_CONST .)
    CALL            reduce using rule 67 (GotoStmt -> GOTO INT_CONST .)
    ID              reduce using rule 67 (GotoStmt -> GOTO INT_CONST .)
    END             reduce using rule 67 (GotoStmt -> GOTO INT_CONST .)
    ENDIF           reduce using rule 67 (GotoStmt -> GOTO INT_CONST .)
    ELSE            reduce using rule 67 (GotoStmt -> GOTO INT_CONST .)


state 62

    (72) ReadStmt -> READ TIMES . , ReadList

    ,               shift and go to state 98


state 63

    (76) PrintStmt -> PRINT TIMES . , PrintList

    ,               shift and go to state 99


state 64

    (71) CallStmt -> CALL ID . ( OptArgList )

    (               shift and go to state 100


state 65

    (8) FunctionSubprogram -> TypeSpec FUNCTION ID ( . OptParamList ) SubprogramBody END
    (39) OptParamList -> . ParamList
    (40) OptParamList -> . Empty
    (41) ParamList -> . ID
    (42) ParamList -> . ParamList , ID
    (119) Empty -> .

    ID              shift and go to state 66
    )               reduce using rule 119 (Empty -> .)

    OptParamList                   shift and go to state 101
    ParamList                      shift and go to state 68
    Empty                          shift and go to state 69

state 66

    (41) ParamList -> ID .

    ,               reduce using rule 41 (ParamList -> ID .)
    )               reduce using rule 41 (ParamList -> ID .)


state 67

    (9) SubroutineSubprogram -> SUBROUTINE ID ( OptParamList . ) SubprogramBody END

    )               shift and go to state 102


state 68

    (39) OptParamList -> ParamList .
    (42) ParamList -> ParamList . , ID

    )               reduce using rule 39 (OptParamList -> ParamList .)
    ,               shift and go to state 103


state 69

    (40) OptParamList -> Empty .

    )               reduce using rule 40 (OptParamList -> Empty .)


state 70

    (118) Primary -> ( . Expr )
    (86) Expr -> . OrExpr
    (87) OrExpr -> . AndExpr
    (88) OrExpr -> . OrExpr OR AndExpr
    (89) AndExpr -> . NotExpr
    (90) AndExpr -> . AndExpr AND NotExpr
    (91) NotExpr -> . RelExpr
    (92) NotExpr -> . NOT NotExpr
    (93) RelExpr -> . AddExpr
    (94) RelExpr -> . AddExpr RelOp AddExpr
    (101) AddExpr -> . MulExpr
    (102) AddExpr -> . AddExpr + MulExpr
    (103) AddExpr -> . AddExpr - MulExpr
    (104) MulExpr -> . PowExpr
    (105) MulExpr -> . MulExpr TIMES PowExpr
    (106) MulExpr -> . MulExpr / PowExpr
    (107) PowExpr -> . UnaryExpr
    (108) PowExpr -> . Primary POWER PowExpr
    (109) UnaryExpr -> . Primary
    (110) UnaryExpr -> . + UnaryExpr
    (111) UnaryExpr -> . - UnaryExpr
    (112) Primary -> . INT_CONST
    (113) Primary -> . REAL_CONST
    (114) Primary -> . TRUE
    (115) Primary -> . FALSE
    (116) Primary -> . STRING_CONST
    (117) Primary -> . Designator
    (118) Primary -> . ( Expr )
    (80) Designator -> . ID
    (81) Designator -> . ID ( OptArgList )

    NOT             shift and go to state 79
    +               shift and go to state 82
    -               shift and go to state 83
    INT_CONST       shift and go to state 87
    REAL_CONST      shift and go to state 88
    TRUE            shift and go to state 89
    FALSE           shift and go to state 90
    STRING_CONST    shift and go to state 91
    (               shift and go to state 70
    ID              shift and go to state 17

    Expr                           shift and go to state 104
    OrExpr                         shift and go to state 75
    AndExpr                        shift and go to state 76
    NotExpr                        shift and go to state 77
    RelExpr                        shift and go to state 78
    AddExpr                        shift and go to state 80
    MulExpr                        shift and go to state 81
    PowExpr                        shift and go to state 84
    UnaryExpr                      shift and go to state 85
    Primary                        shift and go to state 86
    Designator                     shift and go to state 92

state 71

    (81) Designator -> ID ( OptArgList . )

    )               shift and go to state 105


state 72

    (82) OptArgList -> ArgList .
    (85) ArgList -> ArgList . , Expr

    )               reduce using rule 82 (OptArgList -> ArgList .)
    ,               shift and go to state 106


state 73

    (83) OptArgList -> Empty .

    )               reduce using rule 83 (OptArgList -> Empty .)


state 74

    (84) ArgList -> Expr .

    ,               reduce using rule 84 (ArgList -> Expr .)
    )               reduce using rule 84 (ArgList -> Expr .)


state 75

    (86) Expr -> OrExpr .
    (88) OrExpr -> OrExpr . OR AndExpr

    ,               reduce using rule 86 (Expr -> OrExpr .)
    )               reduce using rule 86 (Expr -> OrExpr .)
    LABEL           reduce using rule 86 (Expr -> OrExpr .)
    IF              reduce using rule 86 (Expr -> OrExpr .)
    DO              reduce using rule 86 (Expr -> OrExpr .)
    GOTO            reduce using rule 86 (Expr -> OrExpr .)
    CONTINUE        reduce using rule 86 (Expr -> OrExpr .)
    STOP            reduce using rule 86 (Expr -> OrExpr .)
    READ            reduce using rule 86 (Expr -> OrExpr .)
    PRINT           reduce using rule 86 (Expr -> OrExpr .)
    RETURN          reduce using rule 86 (Expr -> OrExpr .)
    CALL            reduce using rule 86 (Expr -> OrExpr .)
    ID              reduce using rule 86 (Expr -> OrExpr .)
    END             reduce using rule 86 (Expr -> OrExpr .)
    ENDIF           reduce using rule 86 (Expr -> OrExpr .)
    ELSE            reduce using rule 86 (Expr -> OrExpr .)
    OR              shift and go to state 107


state 76

    (87) OrExpr -> AndExpr .
    (90) AndExpr -> AndExpr . AND NotExpr

    OR              reduce using rule 87 (OrExpr -> AndExpr .)
    ,               reduce using rule 87 (OrExpr -> AndExpr .)
    )               reduce using rule 87 (OrExpr -> AndExpr .)
    LABEL           reduce using rule 87 (OrExpr -> AndExpr .)
    IF              reduce using rule 87 (OrExpr -> AndExpr .)
    DO              reduce using rule 87 (OrExpr -> AndExpr .)
    GOTO            reduce using rule 87 (OrExpr -> AndExpr .)
    CONTINUE        reduce using rule 87 (OrExpr -> AndExpr .)
    STOP            reduce using rule 87 (OrExpr -> AndExpr .)
    READ            reduce using rule 87 (OrExpr -> AndExpr .)
    PRINT           reduce using rule 87 (OrExpr -> AndExpr .)
    RETURN          reduce using rule 87 (OrExpr -> AndExpr .)
    CALL            reduce using rule 87 (OrExpr -> AndExpr .)
    ID              reduce using rule 87 (OrExpr -> AndExpr .)
    END             reduce using rule 87 (OrExpr -> AndExpr .)
    ENDIF           reduce using rule 87 (OrExpr -> AndExpr .)
    ELSE            reduce using rule 87 (OrExpr -> AndExpr .)
    AND             shift and go to state 108


state 77

    (89) AndExpr -> NotExpr .

    AND             reduce using rule 89 (AndExpr -> NotExpr .)
    OR              reduce using rule 89 (AndExpr -> NotExpr .)
    ,               reduce using rule 89 (AndExpr -> NotExpr .)
    )               reduce using rule 89 (AndExpr -> NotExpr .)
    LABEL           reduce using rule 89 (AndExpr -> NotExpr .)
    IF              reduce using rule 89 (AndExpr -> NotExpr .)
    DO              reduce using rule 89 (AndExpr -> NotExpr .)
    GOTO            reduce using rule 89 (AndExpr -> NotExpr .)
    CONTINUE        reduce using rule 89 (AndExpr -> NotExpr .)
    STOP            reduce using rule 89 (AndExpr -> NotExpr .)
    READ            reduce using rule 89 (AndExpr -> NotExpr .)
    PRINT           reduce using rule 89 (AndExpr -> NotExpr .)
    RETURN          reduce using rule 89 (AndExpr -> NotExpr .)
    CALL            reduce using rule 89 (AndExpr -> NotExpr .)
    ID              reduce using rule 89 (AndExpr -> NotExpr .)
    END             reduce using rule 89 (AndExpr -> NotExpr .)
    ENDIF           reduce using rule 89 (AndExpr -> NotExpr .)
    ELSE            reduce using rule 89 (AndExpr -> NotExpr .)


state 78

    (91) NotExpr -> RelExpr .

    AND             reduce using rule 91 (NotExpr -> RelExpr .)
    OR              reduce using rule 91 (NotExpr -> RelExpr .)
    ,               reduce using rule 91 (NotExpr -> RelExpr .)
    )               reduce using rule 91 (NotExpr -> RelExpr .)
    LABEL           reduce using rule 91 (NotExpr -> RelExpr .)
    IF              reduce using rule 91 (NotExpr -> RelExpr .)
    DO              reduce using rule 91 (NotExpr -> RelExpr .)
    GOTO            reduce using rule 91 (NotExpr -> RelExpr .)
    CONTINUE        reduce using rule 91 (NotExpr -> RelExpr .)
    STOP            reduce using rule 91 (NotExpr -> RelExpr .)
    READ            reduce using rule 91 (NotExpr -> RelExpr .)
    PRINT           reduce using rule 91 (NotExpr -> RelExpr .)
    RETURN          reduce using rule 91 (NotExpr -> RelExpr .)
    CALL            reduce using rule 91 (NotExpr -> RelExpr .)
    ID              reduce using rule 91 (NotExpr -> RelExpr .)
    END             reduce using rule 91 (NotExpr -> RelExpr .)
    ENDIF           reduce using rule 91 (NotExpr -> RelExpr .)
    ELSE            reduce using rule 91 (NotExpr -> RelExpr .)


state 79

    (92) NotExpr -> NOT . NotExpr
    (91) NotExpr -> . RelExpr
    (92) NotExpr -> . NOT NotExpr
    (93) RelExpr -> . AddExpr
    (94) RelExpr -> . AddExpr RelOp AddExpr
    (101) AddExpr -> . MulExpr
    (102) AddExpr -> . AddExpr + MulExpr
    (103) AddExpr -> . AddExpr - MulExpr
    (104) MulExpr -> . PowExpr
    (105) MulExpr -> . MulExpr TIMES PowExpr
    (106) MulExpr -> . MulExpr / PowExpr
    (107) PowExpr -> . UnaryExpr
    (108) PowExpr -> . Primary POWER PowExpr
    (109) UnaryExpr -> . Primary
    (110) UnaryExpr -> . + UnaryExpr
    (111) UnaryExpr -> . - UnaryExpr
    (112) Primary -> . INT_CONST
    (113) Primary -> . REAL_CONST
    (114) Primary -> . TRUE
    (115) Primary -> . FALSE
    (116) Primary -> . STRING_CONST
    (117) Primary -> . Designator
    (118) Primary -> . ( Expr )
    (80) Designator -> . ID
    (81) Designator -> . ID ( OptArgList )

    NOT             shift and go to state 79
    +               shift and go to state 82
    -               shift and go to state 83
    INT_CONST       shift and go to state 87
    REAL_CONST      shift and go to state 88
    TRUE            shift and go to state 89
    FALSE           shift and go to state 90
    STRING_CONST    shift and go to state 91
    (               shift and go to state 70
    ID              shift and go to state 17

    NotExpr                        shift and go to state 109
    RelExpr                        shift and go to state 78
    AddExpr                        shift and go to state 80
    MulExpr                        shift and go to state 81
    PowExpr                        shift and go to state 84
    UnaryExpr                      shift and go to state 85
    Primary                        shift and go to state 86
    Designator                     shift and go to state 92

state 80

    (93) RelExpr -> AddExpr .
    (94) RelExpr -> AddExpr . RelOp AddExpr
    (102) AddExpr -> AddExpr . + MulExpr
    (103) AddExpr -> AddExpr . - MulExpr
    (95) RelOp -> . LT
    (96) RelOp -> . LE
    (97) RelOp -> . EQ
    (98) RelOp -> . NE
    (99) RelOp -> . GT
    (100) RelOp -> . GE

    AND             reduce using rule 93 (RelExpr -> AddExpr .)
    OR              reduce using rule 93 (RelExpr -> AddExpr .)
    ,               reduce using rule 93 (RelExpr -> AddExpr .)
    )               reduce using rule 93 (RelExpr -> AddExpr .)
    LABEL           reduce using rule 93 (RelExpr -> AddExpr .)
    IF              reduce using rule 93 (RelExpr -> AddExpr .)
    DO              reduce using rule 93 (RelExpr -> AddExpr .)
    GOTO            reduce using rule 93 (RelExpr -> AddExpr .)
    CONTINUE        reduce using rule 93 (RelExpr -> AddExpr .)
    STOP            reduce using rule 93 (RelExpr -> AddExpr .)
    READ            reduce using rule 93 (RelExpr -> AddExpr .)
    PRINT           reduce using rule 93 (RelExpr -> AddExpr .)
    RETURN          reduce using rule 93 (RelExpr -> AddExpr .)
    CALL            reduce using rule 93 (RelExpr -> AddExpr .)
    ID              reduce using rule 93 (RelExpr -> AddExpr .)
    END             reduce using rule 93 (RelExpr -> AddExpr .)
    ENDIF           reduce using rule 93 (RelExpr -> AddExpr .)
    ELSE            reduce using rule 93 (RelExpr -> AddExpr .)
    +               shift and go to state 111
    -               shift and go to state 112
    LT              shift and go to state 113
    LE              shift and go to state 114
    EQ              shift and go to state 115
    NE              shift and go to state 116
    GT              shift and go to state 117
    GE              shift and go to state 118

    RelOp                          shift and go to state 110

state 81

    (101) AddExpr -> MulExpr .
    (105) MulExpr -> MulExpr . TIMES PowExpr
    (106) MulExpr -> MulExpr . / PowExpr

    +               reduce using rule 101 (AddExpr -> MulExpr .)
    -               reduce using rule 101 (AddExpr -> MulExpr .)
    LT              reduce using rule 101 (AddExpr -> MulExpr .)
    LE              reduce using rule 101 (AddExpr -> MulExpr .)
    EQ              reduce using rule 101 (AddExpr -> MulExpr .)
    NE              reduce using rule 101 (AddExpr -> MulExpr .)
    GT              reduce using rule 101 (AddExpr -> MulExpr .)
    GE              reduce using rule 101 (AddExpr -> MulExpr .)
    AND             reduce using rule 101 (AddExpr -> MulExpr .)
    OR              reduce using rule 101 (AddExpr -> MulExpr .)
    ,               reduce using rule 101 (AddExpr -> MulExpr .)
    )               reduce using rule 101 (AddExpr -> MulExpr .)
    LABEL           reduce using rule 101 (AddExpr -> MulExpr .)
    IF              reduce using rule 101 (AddExpr -> MulExpr .)
    DO              reduce using rule 101 (AddExpr -> MulExpr .)
    GOTO            reduce using rule 101 (AddExpr -> MulExpr .)
    CONTINUE        reduce using rule 101 (AddExpr -> MulExpr .)
    STOP            reduce using rule 101 (AddExpr -> MulExpr .)
    READ            reduce using rule 101 (AddExpr -> MulExpr .)
    PRINT           reduce using rule 101 (AddExpr -> MulExpr .)
    RETURN          reduce using rule 101 (AddExpr -> MulExpr .)
    CALL            reduce using rule 101 (AddExpr -> MulExpr .)
    ID              reduce using rule 101 (AddExpr -> MulExpr .)
    END             reduce using rule 101 (AddExpr -> MulExpr .)
    ENDIF           reduce using rule 101 (AddExpr -> MulExpr .)
    ELSE            reduce using rule 101 (AddExpr -> MulExpr .)
    TIMES           shift and go to state 119
    /               shift and go to state 120


state 82

    (110) UnaryExpr -> + . UnaryExpr
    (109) UnaryExpr -> . Primary
    (110) UnaryExpr -> . + UnaryExpr
    (111) UnaryExpr -> . - UnaryExpr
    (112) Primary -> . INT_CONST
    (113) Primary -> . REAL_CONST
    (114) Primary -> . TRUE
    (115) Primary -> . FALSE
    (116) Primary -> . STRING_CONST
    (117) Primary -> . Designator
    (118) Primary -> . ( Expr )
    (80) Designator -> . ID
    (81) Designator -> . ID ( OptArgList )

    +               shift and go to state 82
    -               shift and go to state 83
    INT_CONST       shift and go to state 87
    REAL_CONST      shift and go to state 88
    TRUE            shift and go to state 89
    FALSE           shift and go to state 90
    STRING_CONST    shift and go to state 91
    (               shift and go to state 70
    ID              shift and go to state 17

    UnaryExpr                      shift and go to state 121
    Primary                        shift and go to state 122
    Designator                     shift and go to state 92

state 83

    (111) UnaryExpr -> - . UnaryExpr
    (109) UnaryExpr -> . Primary
    (110) UnaryExpr -> . + UnaryExpr
    (111) UnaryExpr -> . - UnaryExpr
    (112) Primary -> . INT_CONST
    (113) Primary -> . REAL_CONST
    (114) Primary -> . TRUE
    (115) Primary -> . FALSE
    (116) Primary -> . STRING_CONST
    (117) Primary -> . Designator
    (118) Primary -> . ( Expr )
    (80) Designator -> . ID
    (81) Designator -> . ID ( OptArgList )

    +               shift and go to state 82
    -               shift and go to state 83
    INT_CONST       shift and go to state 87
    REAL_CONST      shift and go to state 88
    TRUE            shift and go to state 89
    FALSE           shift and go to state 90
    STRING_CONST    shift and go to state 91
    (               shift and go to state 70
    ID              shift and go to state 17

    UnaryExpr                      shift and go to state 123
    Primary                        shift and go to state 122
    Designator                     shift and go to state 92

state 84

    (104) MulExpr -> PowExpr .

    TIMES           reduce using rule 104 (MulExpr -> PowExpr .)
    /               reduce using rule 104 (MulExpr -> PowExpr .)
    +               reduce using rule 104 (MulExpr -> PowExpr .)
    -               reduce using rule 104 (MulExpr -> PowExpr .)
    LT              reduce using rule 104 (MulExpr -> PowExpr .)
    LE              reduce using rule 104 (MulExpr -> PowExpr .)
    EQ              reduce using rule 104 (MulExpr -> PowExpr .)
    NE              reduce using rule 104 (MulExpr -> PowExpr .)
    GT              reduce using rule 104 (MulExpr -> PowExpr .)
    GE              reduce using rule 104 (MulExpr -> PowExpr .)
    AND             reduce using rule 104 (MulExpr -> PowExpr .)
    OR              reduce using rule 104 (MulExpr -> PowExpr .)
    ,               reduce using rule 104 (MulExpr -> PowExpr .)
    )               reduce using rule 104 (MulExpr -> PowExpr .)
    LABEL           reduce using rule 104 (MulExpr -> PowExpr .)
    IF              reduce using rule 104 (MulExpr -> PowExpr .)
    DO              reduce using rule 104 (MulExpr -> PowExpr .)
    GOTO            reduce using rule 104 (MulExpr -> PowExpr .)
    CONTINUE        reduce using rule 104 (MulExpr -> PowExpr .)
    STOP            reduce using rule 104 (MulExpr -> PowExpr .)
    READ            reduce using rule 104 (MulExpr -> PowExpr .)
    PRINT           reduce using rule 104 (MulExpr -> PowExpr .)
    RETURN          reduce using rule 104 (MulExpr -> PowExpr .)
    CALL            reduce using rule 104 (MulExpr -> PowExpr .)
    ID              reduce using rule 104 (MulExpr -> PowExpr .)
    END             reduce using rule 104 (MulExpr -> PowExpr .)
    ENDIF           reduce using rule 104 (MulExpr -> PowExpr .)
    ELSE            reduce using rule 104 (MulExpr -> PowExpr .)


state 85

    (107) PowExpr -> UnaryExpr .

    TIMES           reduce using rule 107 (PowExpr -> UnaryExpr .)
    /               reduce using rule 107 (PowExpr -> UnaryExpr .)
    +               reduce using rule 107 (PowExpr -> UnaryExpr .)
    -               reduce using rule 107 (PowExpr -> UnaryExpr .)
    LT              reduce using rule 107 (PowExpr -> UnaryExpr .)
    LE              reduce using rule 107 (PowExpr -> UnaryExpr .)
    EQ              reduce using rule 107 (PowExpr -> UnaryExpr .)
    NE              reduce using rule 107 (PowExpr -> UnaryExpr .)
    GT              reduce using rule 107 (PowExpr -> UnaryExpr .)
    GE              reduce using rule 107 (PowExpr -> UnaryExpr .)
    AND             reduce using rule 107 (PowExpr -> UnaryExpr .)
    OR              reduce using rule 107 (PowExpr -> UnaryExpr .)
    ,               reduce using rule 107 (PowExpr -> UnaryExpr .)
    )               reduce using rule 107 (PowExpr -> UnaryExpr .)
    LABEL           reduce using rule 107 (PowExpr -> UnaryExpr .)
    IF              reduce using rule 107 (PowExpr -> UnaryExpr .)
    DO              reduce using rule 107 (PowExpr -> UnaryExpr .)
    GOTO            reduce using rule 107 (PowExpr -> UnaryExpr .)
    CONTINUE        reduce using rule 107 (PowExpr -> UnaryExpr .)
    STOP            reduce using rule 107 (PowExpr -> UnaryExpr .)
    READ            reduce using rule 107 (PowExpr -> UnaryExpr .)
    PRINT           reduce using rule 107 (PowExpr -> UnaryExpr .)
    RETURN          reduce using rule 107 (PowExpr -> UnaryExpr .)
    CALL            reduce using rule 107 (PowExpr -> UnaryExpr .)
    ID              reduce using rule 107 (PowExpr -> UnaryExpr .)
    END             reduce using rule 107 (PowExpr -> UnaryExpr .)
    ENDIF           reduce using rule 107 (PowExpr -> UnaryExpr .)
    ELSE            reduce using rule 107 (PowExpr -> UnaryExpr .)


state 86

    (108) PowExpr -> Primary . POWER PowExpr
    (109) UnaryExpr -> Primary .

    POWER           shift and go to state 124
    TIMES           reduce using rule 109 (UnaryExpr -> Primary .)
    /               reduce using rule 109 (UnaryExpr -> Primary .)
    +               reduce using rule 109 (UnaryExpr -> Primary .)
    -               reduce using rule 109 (UnaryExpr -> Primary .)
    LT              reduce using rule 109 (UnaryExpr -> Primary .)
    LE              reduce using rule 109 (UnaryExpr -> Primary .)
    EQ              reduce using rule 109 (UnaryExpr -> Primary .)
    NE              reduce using rule 109 (UnaryExpr -> Primary .)
    GT              reduce using rule 109 (UnaryExpr -> Primary .)
    GE              reduce using rule 109 (UnaryExpr -> Primary .)
    AND             reduce using rule 109 (UnaryExpr -> Primary .)
    OR              reduce using rule 109 (UnaryExpr -> Primary .)
    ,               reduce using rule 109 (UnaryExpr -> Primary .)
    )               reduce using rule 109 (UnaryExpr -> Primary .)
    LABEL           reduce using rule 109 (UnaryExpr -> Primary .)
    IF              reduce using rule 109 (UnaryExpr -> Primary .)
    DO              reduce using rule 109 (UnaryExpr -> Primary .)
    GOTO            reduce using rule 109 (UnaryExpr -> Primary .)
    CONTINUE        reduce using rule 109 (UnaryExpr -> Primary .)
    STOP            reduce using rule 109 (UnaryExpr -> Primary .)
    READ            reduce using rule 109 (UnaryExpr -> Primary .)
    PRINT           reduce using rule 109 (UnaryExpr -> Primary .)
    RETURN          reduce using rule 109 (UnaryExpr -> Primary .)
    CALL            reduce using rule 109 (UnaryExpr -> Primary .)
    ID              reduce using rule 109 (UnaryExpr -> Primary .)
    END             reduce using rule 109 (UnaryExpr -> Primary .)
    ENDIF           reduce using rule 109 (UnaryExpr -> Primary .)
    ELSE            reduce using rule 109 (UnaryExpr -> Primary .)


state 87

    (112) Primary -> INT_CONST .

    POWER           reduce using rule 112 (Primary -> INT_CONST .)
    TIMES           reduce using rule 112 (Primary -> INT_CONST .)
    /               reduce using rule 112 (Primary -> INT_CONST .)
    +               reduce using rule 112 (Primary -> INT_CONST .)
    -               reduce using rule 112 (Primary -> INT_CONST .)
    LT              reduce using rule 112 (Primary -> INT_CONST .)
    LE              reduce using rule 112 (Primary -> INT_CONST .)
    EQ              reduce using rule 112 (Primary -> INT_CONST .)
    NE              reduce using rule 112 (Primary -> INT_CONST .)
    GT              reduce using rule 112 (Primary -> INT_CONST .)
    GE              reduce using rule 112 (Primary -> INT_CONST .)
    AND             reduce using rule 112 (Primary -> INT_CONST .)
    OR              reduce using rule 112 (Primary -> INT_CONST .)
    ,               reduce using rule 112 (Primary -> INT_CONST .)
    )               reduce using rule 112 (Primary -> INT_CONST .)
    LABEL           reduce using rule 112 (Primary -> INT_CONST .)
    IF              reduce using rule 112 (Primary -> INT_CONST .)
    DO              reduce using rule 112 (Primary -> INT_CONST .)
    GOTO            reduce using rule 112 (Primary -> INT_CONST .)
    CONTINUE        reduce using rule 112 (Primary -> INT_CONST .)
    STOP            reduce using rule 112 (Primary -> INT_CONST .)
    READ            reduce using rule 112 (Primary -> INT_CONST .)
    PRINT           reduce using rule 112 (Primary -> INT_CONST .)
    RETURN          reduce using rule 112 (Primary -> INT_CONST .)
    CALL            reduce using rule 112 (Primary -> INT_CONST .)
    ID              reduce using rule 112 (Primary -> INT_CONST .)
    END             reduce using rule 112 (Primary -> INT_CONST .)
    ENDIF           reduce using rule 112 (Primary -> INT_CONST .)
    ELSE            reduce using rule 112 (Primary -> INT_CONST .)


state 88

    (113) Primary -> REAL_CONST .

    POWER           reduce using rule 113 (Primary -> REAL_CONST .)
    TIMES           reduce using rule 113 (Primary -> REAL_CONST .)
    /               reduce using rule 113 (Primary -> REAL_CONST .)
    +               reduce using rule 113 (Primary -> REAL_CONST .)
    -               reduce using rule 113 (Primary -> REAL_CONST .)
    LT              reduce using rule 113 (Primary -> REAL_CONST .)
    LE              reduce using rule 113 (Primary -> REAL_CONST .)
    EQ              reduce using rule 113 (Primary -> REAL_CONST .)
    NE              reduce using rule 113 (Primary -> REAL_CONST .)
    GT              reduce using rule 113 (Primary -> REAL_CONST .)
    GE              reduce using rule 113 (Primary -> REAL_CONST .)
    AND             reduce using rule 113 (Primary -> REAL_CONST .)
    OR              reduce using rule 113 (Primary -> REAL_CONST .)
    ,               reduce using rule 113 (Primary -> REAL_CONST .)
    )               reduce using rule 113 (Primary -> REAL_CONST .)
    LABEL           reduce using rule 113 (Primary -> REAL_CONST .)
    IF              reduce using rule 113 (Primary -> REAL_CONST .)
    DO              reduce using rule 113 (Primary -> REAL_CONST .)
    GOTO            reduce using rule 113 (Primary -> REAL_CONST .)
    CONTINUE        reduce using rule 113 (Primary -> REAL_CONST .)
    STOP            reduce using rule 113 (Primary -> REAL_CONST .)
    READ            reduce using rule 113 (Primary -> REAL_CONST .)
    PRINT           reduce using rule 113 (Primary -> REAL_CONST .)
    RETURN          reduce using rule 113 (Primary -> REAL_CONST .)
    CALL            reduce using rule 113 (Primary -> REAL_CONST .)
    ID              reduce using rule 113 (Primary -> REAL_CONST .)
    END             reduce using rule 113 (Primary -> REAL_CONST .)
    ENDIF           reduce using rule 113 (Primary -> REAL_CONST .)
    ELSE            reduce using rule 113 (Primary -> REAL_CONST .)


state 89

    (114) Primary -> TRUE .

    POWER           reduce using rule 114 (Primary -> TRUE .)
    TIMES           reduce using rule 114 (Primary -> TRUE .)
    /               reduce using rule 114 (Primary -> TRUE .)
    +               reduce using rule 114 (Primary -> TRUE .)
    -               reduce using rule 114 (Primary -> TRUE .)
    LT              reduce using rule 114 (Primary -> TRUE .)
    LE              reduce using rule 114 (Primary -> TRUE .)
    EQ              reduce using rule 114 (Primary -> TRUE .)
    NE              reduce using rule 114 (Primary -> TRUE .)
    GT              reduce using rule 114 (Primary -> TRUE .)
    GE              reduce using rule 114 (Primary -> TRUE .)
    AND             reduce using rule 114 (Primary -> TRUE .)
    OR              reduce using rule 114 (Primary -> TRUE .)
    ,               reduce using rule 114 (Primary -> TRUE .)
    )               reduce using rule 114 (Primary -> TRUE .)
    LABEL           reduce using rule 114 (Primary -> TRUE .)
    IF              reduce using rule 114 (Primary -> TRUE .)
    DO              reduce using rule 114 (Primary -> TRUE .)
    GOTO            reduce using rule 114 (Primary -> TRUE .)
    CONTINUE        reduce using rule 114 (Primary -> TRUE .)
    STOP            reduce using rule 114 (Primary -> TRUE .)
    READ            reduce using rule 114 (Primary -> TRUE .)
    PRINT           reduce using rule 114 (Primary -> TRUE .)
    RETURN          reduce using rule 114 (Primary -> TRUE .)
    CALL            reduce using rule 114 (Primary -> TRUE .)
    ID              reduce using rule 114 (Primary -> TRUE .)
    END             reduce using rule 114 (Primary -> TRUE .)
    ENDIF           reduce using rule 114 (Primary -> TRUE .)
    ELSE            reduce using rule 114 (Primary -> TRUE .)


state 90

    (115) Primary -> FALSE .

    POWER           reduce using rule 115 (Primary -> FALSE .)
    TIMES           reduce using rule 115 (Primary -> FALSE .)
    /               reduce using rule 115 (Primary -> FALSE .)
    +               reduce using rule 115 (Primary -> FALSE .)
    -               reduce using rule 115 (Primary -> FALSE .)
    LT              reduce using rule 115 (Primary -> FALSE .)
    LE              reduce using rule 115 (Primary -> FALSE .)
    EQ              reduce using rule 115 (Primary -> FALSE .)
    NE              reduce using rule 115 (Primary -> FALSE .)
    GT              reduce using rule 115 (Primary -> FALSE .)
    GE              reduce using rule 115 (Primary -> FALSE .)
    AND             reduce using rule 115 (Primary -> FALSE .)
    OR              reduce using rule 115 (Primary -> FALSE .)
    ,               reduce using rule 115 (Primary -> FALSE .)
    )               reduce using rule 115 (Primary -> FALSE .)
    LABEL           reduce using rule 115 (Primary -> FALSE .)
    IF              reduce using rule 115 (Primary -> FALSE .)
    DO              reduce using rule 115 (Primary -> FALSE .)
    GOTO            reduce using rule 115 (Primary -> FALSE .)
    CONTINUE        reduce using rule 115 (Primary -> FALSE .)
    STOP            reduce using rule 115 (Primary -> FALSE .)
    READ            reduce using rule 115 (Primary -> FALSE .)
    PRINT           reduce using rule 115 (Primary -> FALSE .)
    RETURN          reduce using rule 115 (Primary -> FALSE .)
    CALL            reduce using rule 115 (Primary -> FALSE .)
    ID              reduce using rule 115 (Primary -> FALSE .)
    END             reduce using rule 115 (Primary -> FALSE .)
    ENDIF           reduce using rule 115 (Primary -> FALSE .)
    ELSE            reduce using rule 115 (Primary -> FALSE .)


state 91

    (116) Primary -> STRING_CONST .

    POWER           reduce using rule 116 (Primary -> STRING_CONST .)
    TIMES           reduce using rule 116 (Primary -> STRING_CONST .)
    /               reduce using rule 116 (Primary -> STRING_CONST .)
    +               reduce using rule 116 (Primary -> STRING_CONST .)
    -               reduce using rule 116 (Primary -> STRING_CONST .)
    LT              reduce using rule 116 (Primary -> STRING_CONST .)
    LE              reduce using rule 116 (Primary -> STRING_CONST .)
    EQ              reduce using rule 116 (Primary -> STRING_CONST .)
    NE              reduce using rule 116 (Primary -> STRING_CONST .)
    GT              reduce using rule 116 (Primary -> STRING_CONST .)
    GE              reduce using rule 116 (Primary -> STRING_CONST .)
    AND             reduce using rule 116 (Primary -> STRING_CONST .)
    OR              reduce using rule 116 (Primary -> STRING_CONST .)
    ,               reduce using rule 116 (Primary -> STRING_CONST .)
    )               reduce using rule 116 (Primary -> STRING_CONST .)
    LABEL           reduce using rule 116 (Primary -> STRING_CONST .)
    IF              reduce using rule 116 (Primary -> STRING_CONST .)
    DO              reduce using rule 116 (Primary -> STRING_CONST .)
    GOTO            reduce using rule 116 (Primary -> STRING_CONST .)
    CONTINUE        reduce using rule 116 (Primary -> STRING_CONST .)
    STOP            reduce using rule 116 (Primary -> STRING_CONST .)
    READ            reduce using rule 116 (Primary -> STRING_CONST .)
    PRINT           reduce using rule 116 (Primary -> STRING_CONST .)
    RETURN          reduce using rule 116 (Primary -> STRING_CONST .)
    CALL            reduce using rule 116 (Primary -> STRING_CONST .)
    ID              reduce using rule 116 (Primary -> STRING_CONST .)
    END             reduce using rule 116 (Primary -> STRING_CONST .)
    ENDIF           reduce using rule 116 (Primary -> STRING_CONST .)
    ELSE            reduce using rule 116 (Primary -> STRING_CONST .)


state 92

    (117) Primary -> Designator .

    POWER           reduce using rule 117 (Primary -> Designator .)
    TIMES           reduce using rule 117 (Primary -> Designator .)
    /               reduce using rule 117 (Primary -> Designator .)
    +               reduce using rule 117 (Primary -> Designator .)
    -               reduce using rule 117 (Primary -> Designator .)
    LT              reduce using rule 117 (Primary -> Designator .)
    LE              reduce using rule 117 (Primary -> Designator .)
    EQ              reduce using rule 117 (Primary -> Designator .)
    NE              reduce using rule 117 (Primary -> Designator .)
    GT              reduce using rule 117 (Primary -> Designator .)
    GE              reduce using rule 117 (Primary -> Designator .)
    AND             reduce using rule 117 (Primary -> Designator .)
    OR              reduce using rule 117 (Primary -> Designator .)
    ,               reduce using rule 117 (Primary -> Designator .)
    )               reduce using rule 117 (Primary -> Designator .)
    LABEL           reduce using rule 117 (Primary -> Designator .)
    IF              reduce using rule 117 (Primary -> Designator .)
    DO              reduce using rule 117 (Primary -> Designator .)
    GOTO            reduce using rule 117 (Primary -> Designator .)
    CONTINUE        reduce using rule 117 (Primary -> Designator .)
    STOP            reduce using rule 117 (Primary -> Designator .)
    READ            reduce using rule 117 (Primary -> Designator .)
    PRINT           reduce using rule 117 (Primary -> Designator .)
    RETURN          reduce using rule 117 (Primary -> Designator .)
    CALL            reduce using rule 117 (Primary -> Designator .)
    ID              reduce using rule 117 (Primary -> Designator .)
    END             reduce using rule 117 (Primary -> Designator .)
    ENDIF           reduce using rule 117 (Primary -> Designator .)
    ELSE            reduce using rule 117 (Primary -> Designator .)


state 93

    (36) DeclaratorList -> DeclaratorList , . Declarator
    (37) Declarator -> . ID
    (38) Declarator -> . ID ( INT_CONST )

    ID              shift and go to state 56

    Declarator                     shift and go to state 125

state 94

    (38) Declarator -> ID ( . INT_CONST )

    INT_CONST       shift and go to state 126


state 95

    (43) AssignmentStmt -> Designator = Expr .

    LABEL           reduce using rule 43 (AssignmentStmt -> Designator = Expr .)
    IF              reduce using rule 43 (AssignmentStmt -> Designator = Expr .)
    DO              reduce using rule 43 (AssignmentStmt -> Designator = Expr .)
    GOTO            reduce using rule 43 (AssignmentStmt -> Designator = Expr .)
    CONTINUE        reduce using rule 43 (AssignmentStmt -> Designator = Expr .)
    STOP            reduce using rule 43 (AssignmentStmt -> Designator = Expr .)
    READ            reduce using rule 43 (AssignmentStmt -> Designator = Expr .)
    PRINT           reduce using rule 43 (AssignmentStmt -> Designator = Expr .)
    RETURN          reduce using rule 43 (AssignmentStmt -> Designator = Expr .)
    CALL            reduce using rule 43 (AssignmentStmt -> Designator = Expr .)
    ID              reduce using rule 43 (AssignmentStmt -> Designator = Expr .)
    END             reduce using rule 43 (AssignmentStmt -> Designator = Expr .)
    ENDIF           reduce using rule 43 (AssignmentStmt -> Designator = Expr .)
    ELSE            reduce using rule 43 (AssignmentStmt -> Designator = Expr .)


state 96

    (44) IfStmt -> IF ( Expr . ) THEN ThenBlock ENDIF
    (45) IfStmt -> IF ( Expr . ) THEN ThenBlock ELSE ElseBlock ENDIF

    )               shift and go to state 127


state 97

    (50) DoStmt -> DO INT_CONST ID . = Expr , Expr DoRangeTail DoBody

    =               shift and go to state 128


state 98

    (72) ReadStmt -> READ TIMES , . ReadList
    (73) ReadList -> . ReadItem
    (74) ReadList -> . ReadList , ReadItem
    (75) ReadItem -> . Designator
    (80) Designator -> . ID
    (81) Designator -> . ID ( OptArgList )

    ID              shift and go to state 17

    ReadList                       shift and go to state 129
    ReadItem                       shift and go to state 130
    Designator                     shift and go to state 131

state 99

    (76) PrintStmt -> PRINT TIMES , . PrintList
    (77) PrintList -> . PrintItem
    (78) PrintList -> . PrintList , PrintItem
    (79) PrintItem -> . Expr
    (86) Expr -> . OrExpr
    (87) OrExpr -> . AndExpr
    (88) OrExpr -> . OrExpr OR AndExpr
    (89) AndExpr -> . NotExpr
    (90) AndExpr -> . AndExpr AND NotExpr
    (91) NotExpr -> . RelExpr
    (92) NotExpr -> . NOT NotExpr
    (93) RelExpr -> . AddExpr
    (94) RelExpr -> . AddExpr RelOp AddExpr
    (101) AddExpr -> . MulExpr
    (102) AddExpr -> . AddExpr + MulExpr
    (103) AddExpr -> . AddExpr - MulExpr
    (104) MulExpr -> . PowExpr
    (105) MulExpr -> . MulExpr TIMES PowExpr
    (106) MulExpr -> . MulExpr / PowExpr
    (107) PowExpr -> . UnaryExpr
    (108) PowExpr -> . Primary POWER PowExpr
    (109) UnaryExpr -> . Primary
    (110) UnaryExpr -> . + UnaryExpr
    (111) UnaryExpr -> . - UnaryExpr
    (112) Primary -> . INT_CONST
    (113) Primary -> . REAL_CONST
    (114) Primary -> . TRUE
    (115) Primary -> . FALSE
    (116) Primary -> . STRING_CONST
    (117) Primary -> . Designator
    (118) Primary -> . ( Expr )
    (80) Designator -> . ID
    (81) Designator -> . ID ( OptArgList )

    NOT             shift and go to state 79
    +               shift and go to state 82
    -               shift and go to state 83
    INT_CONST       shift and go to state 87
    REAL_CONST      shift and go to state 88
    TRUE            shift and go to state 89
    FALSE           shift and go to state 90
    STRING_CONST    shift and go to state 91
    (               shift and go to state 70
    ID              shift and go to state 17

    PrintList                      shift and go to state 132
    PrintItem                      shift and go to state 133
    Expr                           shift and go to state 134
    OrExpr                         shift and go to state 75
    AndExpr                        shift and go to state 76
    NotExpr                        shift and go to state 77
    RelExpr                        shift and go to state 78
    AddExpr                        shift and go to state 80
    MulExpr                        shift and go to state 81
    PowExpr                        shift and go to state 84
    UnaryExpr                      shift and go to state 85
    Primary                        shift and go to state 86
    Designator                     shift and go to state 92

state 100

    (71) CallStmt -> CALL ID ( . OptArgList )
    (82) OptArgList -> . ArgList
    (83) OptArgList -> . Empty
    (84) ArgList -> . Expr
    (85) ArgList -> . ArgList , Expr
    (119) Empty -> .
    (86) Expr -> . OrExpr
    (87) OrExpr -> . AndExpr
    (88) OrExpr -> . OrExpr OR AndExpr
    (89) AndExpr -> . NotExpr
    (90) AndExpr -> . AndExpr AND NotExpr
    (91) NotExpr -> . RelExpr
    (92) NotExpr -> . NOT NotExpr
    (93) RelExpr -> . AddExpr
    (94) RelExpr -> . AddExpr RelOp AddExpr
    (101) AddExpr -> . MulExpr
    (102) AddExpr -> . AddExpr + MulExpr
    (103) AddExpr -> . AddExpr - MulExpr
    (104) MulExpr -> . PowExpr
    (105) MulExpr -> . MulExpr TIMES PowExpr
    (106) MulExpr -> . MulExpr / PowExpr
    (107) PowExpr -> . UnaryExpr
    (108) PowExpr -> . Primary POWER PowExpr
    (109) UnaryExpr -> . Primary
    (110) UnaryExpr -> . + UnaryExpr
    (111) UnaryExpr -> . - UnaryExpr
    (112) Primary -> . INT_CONST
    (113) Primary -> . REAL_CONST
    (114) Primary -> . TRUE
    (115) Primary -> . FALSE
    (116) Primary -> . STRING_CONST
    (117) Primary -> . Designator
    (118) Primary -> . ( Expr )
    (80) Designator -> . ID
    (81) Designator -> . ID ( OptArgList )

    )               reduce using rule 119 (Empty -> .)
    NOT             shift and go to state 79
    +               shift and go to state 82
    -               shift and go to state 83
    INT_CONST       shift and go to state 87
    REAL_CONST      shift and go to state 88
    TRUE            shift and go to state 89
    FALSE           shift and go to state 90
    STRING_CONST    shift and go to state 91
    (               shift and go to state 70
    ID              shift and go to state 17

    OptArgList                     shift and go to state 135
    ArgList                        shift and go to state 72
    Empty                          shift and go to state 73
    Expr                           shift and go to state 74
    OrExpr                         shift and go to state 75
    AndExpr                        shift and go to state 76
    NotExpr                        shift and go to state 77
    RelExpr                        shift and go to state 78
    AddExpr                        shift and go to state 80
    MulExpr                        shift and go to state 81
    PowExpr                        shift and go to state 84
    UnaryExpr                      shift and go to state 85
    Primary                        shift and go to state 86
    Designator                     shift and go to state 92

state 101

    (8) FunctionSubprogram -> TypeSpec FUNCTION ID ( OptParamList . ) SubprogramBody END

    )               shift and go to state 136


state 102

    (9) SubroutineSubprogram -> SUBROUTINE ID ( OptParamList ) . SubprogramBody END
    (12) SubprogramBody -> . DeclPart ExecPart
    (13) SubprogramBody -> . ExecPart
    (14) DeclPart -> . DeclarationStmt
    (15) DeclPart -> . DeclPart DeclarationStmt
    (16) ExecPart -> . ExecutableStmt
    (17) ExecPart -> . ExecPart ExecutableStmt
    (31) DeclarationStmt -> . TypeSpec DeclaratorList
    (18) ExecutableStmt -> . LabeledExecutableStmt
    (19) ExecutableStmt -> . UnlabeledExecutableStmt
    (32) TypeSpec -> . INTEGER
    (33) TypeSpec -> . REAL
    (34) TypeSpec -> . LOGICAL
    (20) LabeledExecutableStmt -> . LABEL UnlabeledExecutableStmt
    (21) UnlabeledExecutableStmt -> . AssignmentStmt
    (22) UnlabeledExecutableStmt -> . IfStmt
    (23) UnlabeledExecutableStmt -> . DoStmt
    (24) UnlabeledExecutableStmt -> . GotoStmt
    (25) UnlabeledExecutableStmt -> . ContinueStmt
    (26) UnlabeledExecutableStmt -> . StopStmt
    (27) UnlabeledExecutableStmt -> . ReadStmt
    (28) UnlabeledExecutableStmt -> . PrintStmt
    (29) UnlabeledExecutableStmt -> . ReturnStmt
    (30) UnlabeledExecutableStmt -> . CallStmt
    (43) AssignmentStmt -> . Designator = Expr
    (44) IfStmt -> . IF ( Expr ) THEN ThenBlock ENDIF
    (45) IfStmt -> . IF ( Expr ) THEN ThenBlock ELSE ElseBlock ENDIF
    (50) DoStmt -> . DO INT_CONST ID = Expr , Expr DoRangeTail DoBody
    (67) GotoStmt -> . GOTO INT_CONST
    (68) ContinueStmt -> . CONTINUE
    (69) StopStmt -> . STOP
    (72) ReadStmt -> . READ TIMES , ReadList
    (76) PrintStmt -> . PRINT TIMES , PrintList
    (70) ReturnStmt -> . RETURN
    (71) CallStmt -> . CALL ID ( OptArgList )
    (80) Designator -> . ID
    (81) Designator -> . ID ( OptArgList )

    INTEGER         shift and go to state 10
    REAL            shift and go to state 11
    LOGICAL         shift and go to state 12
    LABEL           shift and go to state 26
    IF              shift and go to state 38
    DO              shift and go to state 39
    GOTO            shift and go to state 40
    CONTINUE        shift and go to state 41
    STOP            shift and go to state 42
    READ            shift and go to state 43
    PRINT           shift and go to state 44
    RETURN          shift and go to state 45
    CALL            shift and go to state 46
    ID              shift and go to state 17

    SubprogramBody                 shift and go to state 137
    DeclPart                       shift and go to state 138
    ExecPart                       shift and go to state 139
    DeclarationStmt                shift and go to state 21
    ExecutableStmt                 shift and go to state 22
    TypeSpec                       shift and go to state 23
    LabeledExecutableStmt          shift and go to state 24
    UnlabeledExecutableStmt        shift and go to state 25
    AssignmentStmt                 shift and go to state 27
    IfStmt                         shift and go to state 28
    DoStmt                         shift and go to state 29
    GotoStmt                       shift and go to state 30
    ContinueStmt                   shift and go to state 31
    StopStmt                       shift and go to state 32
    ReadStmt                       shift and go to state 33
    PrintStmt                      shift and go to state 34
    ReturnStmt                     shift and go to state 35
    CallStmt                       shift and go to state 36
    Designator                     shift and go to state 37

state 103

    (42) ParamList -> ParamList , . ID

    ID              shift and go to state 140


state 104

    (118) Primary -> ( Expr . )

    )               shift and go to state 141


state 105

    (81) Designator -> ID ( OptArgList ) .

    =               reduce using rule 81 (Designator -> ID ( OptArgList ) .)
    POWER           reduce using rule 81 (Designator -> ID ( OptArgList ) .)
    TIMES           reduce using rule 81 (Designator -> ID ( OptArgList ) .)
    /               reduce using rule 81 (Designator -> ID ( OptArgList ) .)
    +               reduce using rule 81 (Designator -> ID ( OptArgList ) .)
    -               reduce using rule 81 (Designator -> ID ( OptArgList ) .)
    LT              reduce using rule 81 (Designator -> ID ( OptArgList ) .)
    LE              reduce using rule 81 (Designator -> ID ( OptArgList ) .)
    EQ              reduce using rule 81 (Designator -> ID ( OptArgList ) .)
    NE              reduce using rule 81 (Designator -> ID ( OptArgList ) .)
    GT              reduce using rule 81 (Designator -> ID ( OptArgList ) .)
    GE              reduce using rule 81 (Designator -> ID ( OptArgList ) .)
    AND             reduce using rule 81 (Designator -> ID ( OptArgList ) .)
    OR              reduce using rule 81 (Designator -> ID ( OptArgList ) .)
    ,               reduce using rule 81 (Designator -> ID ( OptArgList ) .)
    )               reduce using rule 81 (Designator -> ID ( OptArgList ) .)
    LABEL           reduce using rule 81 (Designator -> ID ( OptArgList ) .)
    IF              reduce using rule 81 (Designator -> ID ( OptArgList ) .)
    DO              reduce using rule 81 (Designator -> ID ( OptArgList ) .)
    GOTO            reduce using rule 81 (Designator -> ID ( OptArgList ) .)
    CONTINUE        reduce using rule 81 (Designator -> ID ( OptArgList ) .)
    STOP            reduce using rule 81 (Designator -> ID ( OptArgList ) .)
    READ            reduce using rule 81 (Designator -> ID ( OptArgList ) .)
    PRINT           reduce using rule 81 (Designator -> ID ( OptArgList ) .)
    RETURN          reduce using rule 81 (Designator -> ID ( OptArgList ) .)
    CALL            reduce using rule 81 (Designator -> ID ( OptArgList ) .)
    ID              reduce using rule 81 (Designator -> ID ( OptArgList ) .)
    END             reduce using rule 81 (Designator -> ID ( OptArgList ) .)
    ENDIF           reduce using rule 81 (Designator -> ID ( OptArgList ) .)
    ELSE            reduce using rule 81 (Designator -> ID ( OptArgList ) .)


state 106

    (85) ArgList -> ArgList , . Expr
    (86) Expr -> . OrExpr
    (87) OrExpr -> . AndExpr
    (88) OrExpr -> . OrExpr OR AndExpr
    (89) AndExpr -> . NotExpr
    (90) AndExpr -> . AndExpr AND NotExpr
    (91) NotExpr -> . RelExpr
    (92) NotExpr -> . NOT NotExpr
    (93) RelExpr -> . AddExpr
    (94) RelExpr -> . AddExpr RelOp AddExpr
    (101) AddExpr -> . MulExpr
    (102) AddExpr -> . AddExpr + MulExpr
    (103) AddExpr -> . AddExpr - MulExpr
    (104) MulExpr -> . PowExpr
    (105) MulExpr -> . MulExpr TIMES PowExpr
    (106) MulExpr -> . MulExpr / PowExpr
    (107) PowExpr -> . UnaryExpr
    (108) PowExpr -> . Primary POWER PowExpr
    (109) UnaryExpr -> . Primary
    (110) UnaryExpr -> . + UnaryExpr
    (111) UnaryExpr -> . - UnaryExpr
    (112) Primary -> . INT_CONST
    (113) Primary -> . REAL_CONST
    (114) Primary -> . TRUE
    (115) Primary -> . FALSE
    (116) Primary -> . STRING_CONST
    (117) Primary -> . Designator
    (118) Primary -> . ( Expr )
    (80) Designator -> . ID
    (81) Designator -> . ID ( OptArgList )

    NOT             shift and go to state 79
    +               shift and go to state 82
    -               shift and go to state 83
    INT_CONST       shift and go to state 87
    REAL_CONST      shift and go to state 88
    TRUE            shift and go to state 89
    FALSE           shift and go to state 90
    STRING_CONST    shift and go to state 91
    (               shift and go to state 70
    ID              shift and go to state 17

    Expr                           shift and go to state 142
    OrExpr                         shift and go to state 75
    AndExpr                        shift and go to state 76
    NotExpr                        shift and go to state 77
    RelExpr                        shift and go to state 78
    AddExpr                        shift and go to state 80
    MulExpr                        shift and go to state 81
    PowExpr                        shift and go to state 84
    UnaryExpr                      shift and go to state 85
    Primary                        shift and go to state 86
    Designator                     shift and go to state 92

state 107

    (88) OrExpr -> OrExpr OR . AndExpr
    (89) AndExpr -> . NotExpr
    (90) AndExpr -> . AndExpr AND NotExpr
    (91) NotExpr -> . RelExpr
    (92) NotExpr -> . NOT NotExpr
    (93) RelExpr -> . AddExpr
    (94) RelExpr -> . AddExpr RelOp AddExpr
    (101) AddExpr -> . MulExpr
    (102) AddExpr -> . AddExpr + MulExpr
    (103) AddExpr -> . AddExpr - MulExpr
    (104) MulExpr -> . PowExpr
    (105) MulExpr -> . MulExpr TIMES PowExpr
    (106) MulExpr -> . MulExpr / PowExpr
    (107) PowExpr -> . UnaryExpr
    (108) PowExpr -> . Primary POWER PowExpr
    (109) UnaryExpr -> . Primary
    (110) UnaryExpr -> . + UnaryExpr
    (111) UnaryExpr -> . - UnaryExpr
    (112) Primary -> . INT_CONST
    (113) Primary -> . REAL_CONST
    (114) Primary -> . TRUE
    (115) Primary -> . FALSE
    (116) Primary -> . STRING_CONST
    (117) Primary -> . Designator
    (118) Primary -> . ( Expr )
    (80) Designator -> . ID
    (81) Designator -> . ID ( OptArgList )

    NOT             shift and go to state 79
    +               shift and go to state 82
    -               shift and go to state 83
    INT_CONST       shift and go to state 87
    REAL_CONST      shift and go to state 88
    TRUE            shift and go to state 89
    FALSE           shift and go to state 90
    STRING_CONST    shift and go to state 91
    (               shift and go to state 70
    ID              shift and go to state 17

    AndExpr                        shift and go to state 143
    NotExpr                        shift and go to state 77
    RelExpr                        shift and go to state 78
    AddExpr                        shift and go to state 80
    MulExpr                        shift and go to state 81
    PowExpr                        shift and go to state 84
    UnaryExpr                      shift and go to state 85
    Primary                        shift and go to state 86
    Designator                     shift and go to state 92

state 108

    (90) AndExpr -> AndExpr AND . NotExpr
    (91) NotExpr -> . RelExpr
    (92) NotExpr -> . NOT NotExpr
    (93) RelExpr -> . AddExpr
    (94) RelExpr -> . AddExpr RelOp AddExpr
    (101) AddExpr -> . MulExpr
    (102) AddExpr -> . AddExpr + MulExpr
    (103) AddExpr -> . AddExpr - MulExpr
    (104) MulExpr -> . PowExpr
    (105) MulExpr -> . MulExpr TIMES PowExpr
    (106) MulExpr -> . MulExpr / PowExpr
    (107) PowExpr -> . UnaryExpr
    (108) PowExpr -> . Primary POWER PowExpr
    (109) UnaryExpr -> . Primary
    (110) UnaryExpr -> . + UnaryExpr
    (111) UnaryExpr -> . - UnaryExpr
    (112) Primary -> . INT_CONST
    (113) Primary -> . REAL_CONST
    (114) Primary -> . TRUE
    (115) Primary -> . FALSE
    (116) Primary -> . STRING_CONST
    (117) Primary -> . Designator
    (118) Primary -> . ( Expr )
    (80) Designator -> . ID
    (81) Designator -> . ID ( OptArgList )

    NOT             shift and go to state 79
    +               shift and go to state 82
    -               shift and go to state 83
    INT_CONST       shift and go to state 87
    REAL_CONST      shift and go to state 88
    TRUE            shift and go to state 89
    FALSE           shift and go to state 90
    STRING_CONST    shift and go to state 91
    (               shift and go to state 70
    ID              shift and go to state 17

    NotExpr                        shift and go to state 144
    RelExpr                        shift and go to state 78
    AddExpr                        shift and go to state 80
    MulExpr                        shift and go to state 81
    PowExpr                        shift and go to state 84
    UnaryExpr                      shift and go to state 85
    Primary                        shift and go to state 86
    Designator                     shift and go to state 92

state 109

    (92) NotExpr -> NOT NotExpr .

    AND             reduce using rule 92 (NotExpr -> NOT NotExpr .)
    OR              reduce using rule 92 (NotExpr -> NOT NotExpr .)
    ,               reduce using rule 92 (NotExpr -> NOT NotExpr .)
    )               reduce using rule 92 (NotExpr -> NOT NotExpr .)
    LABEL           reduce using rule 92 (NotExpr -> NOT NotExpr .)
    IF              reduce using rule 92 (NotExpr -> NOT NotExpr .)
    DO              reduce using rule 92 (NotExpr -> NOT NotExpr .)
    GOTO            reduce using rule 92 (NotExpr -> NOT NotExpr .)
    CONTINUE        reduce using rule 92 (NotExpr -> NOT NotExpr .)
    STOP            reduce using rule 92 (NotExpr -> NOT NotExpr .)
    READ            reduce using rule 92 (NotExpr -> NOT NotExpr .)
    PRINT           reduce using rule 92 (NotExpr -> NOT NotExpr .)
    RETURN          reduce using rule 92 (NotExpr -> NOT NotExpr .)
    CALL            reduce using rule 92 (NotExpr -> NOT NotExpr .)
    ID              reduce using rule 92 (NotExpr -> NOT NotExpr .)
    END             reduce using rule 92 (NotExpr -> NOT NotExpr .)
    ENDIF           reduce using rule 92 (NotExpr -> NOT NotExpr .)
    ELSE            reduce using rule 92 (NotExpr -> NOT NotExpr .)


state 110

    (94) RelExpr -> AddExpr RelOp . AddExpr
    (101) AddExpr -> . MulExpr
    (102) AddExpr -> . AddExpr + MulExpr
    (103) AddExpr -> . AddExpr - MulExpr
    (104) MulExpr -> . PowExpr
    (105) MulExpr -> . MulExpr TIMES PowExpr
    (106) MulExpr -> . MulExpr / PowExpr
    (107) PowExpr -> . UnaryExpr
    (108) PowExpr -> . Primary POWER PowExpr
    (109) UnaryExpr -> . Primary
    (110) UnaryExpr -> . + UnaryExpr
    (111) UnaryExpr -> . - UnaryExpr
    (112) Primary -> . INT_CONST
    (113) Primary -> . REAL_CONST
    (114) Primary -> . TRUE
    (115) Primary -> . FALSE
    (116) Primary -> . STRING_CONST
    (117) Primary -> . Designator
    (118) Primary -> . ( Expr )
    (80) Designator -> . ID
    (81) Designator -> . ID ( OptArgList )

    +               shift and go to state 82
    -               shift and go to state 83
    INT_CONST       shift and go to state 87
    REAL_CONST      shift and go to state 88
    TRUE            shift and go to state 89
    FALSE           shift and go to state 90
    STRING_CONST    shift and go to state 91
    (               shift and go to state 70
    ID              shift and go to state 17

    AddExpr                        shift and go to state 145
    MulExpr                        shift and go to state 81
    PowExpr                        shift and go to state 84
    UnaryExpr                      shift and go to state 85
    Primary                        shift and go to state 86
    Designator                     shift and go to state 92

state 111

    (102) AddExpr -> AddExpr + . MulExpr
    (104) MulExpr -> . PowExpr
    (105) MulExpr -> . MulExpr TIMES PowExpr
    (106) MulExpr -> . MulExpr / PowExpr
    (107) PowExpr -> . UnaryExpr
    (108) PowExpr -> . Primary POWER PowExpr
    (109) UnaryExpr -> . Primary
    (110) UnaryExpr -> . + UnaryExpr
    (111) UnaryExpr -> . - UnaryExpr
    (112) Primary -> . INT_CONST
    (113) Primary -> . REAL_CONST
    (114) Primary -> . TRUE
    (115) Primary -> . FALSE
    (116) Primary -> . STRING_CONST
    (117) Primary -> . Designator
    (118) Primary -> . ( Expr )
    (80) Designator -> . ID
    (81) Designator -> . ID ( OptArgList )

    +               shift and go to state 82
    -               shift and go to state 83
    INT_CONST       shift and go to state 87
    REAL_CONST      shift and go to state 88
    TRUE            shift and go to state 89
    FALSE           shift and go to state 90
    STRING_CONST    shift and go to state 91
    (               shift and go to state 70
    ID              shift and go to state 17

    MulExpr                        shift and go to state 146
    PowExpr                        shift and go to state 84
    UnaryExpr                      shift and go to state 85
    Primary                        shift and go to state 86
    Designator                     shift and go to state 92

state 112

    (103) AddExpr -> AddExpr - . MulExpr
    (104) MulExpr -> . PowExpr
    (105) MulExpr -> . MulExpr TIMES PowExpr
    (106) MulExpr -> . MulExpr / PowExpr
    (107) PowExpr -> . UnaryExpr
    (108) PowExpr -> . Primary POWER PowExpr
    (109) UnaryExpr -> . Primary
    (110) UnaryExpr -> . + UnaryExpr
    (111) UnaryExpr -> . - UnaryExpr
    (112) Primary -> . INT_CONST
    (113) Primary -> . REAL_CONST
    (114) Primary -> . TRUE
    (115) Primary -> . FALSE
    (116) Primary -> . STRING_CONST
    (117) Primary -> . Designator
    (118) Primary -> . ( Expr )
    (80) Designator -> . ID
    (81) Designator -> . ID ( OptArgList )

    +               shift and go to state 82
    -               shift and go to state 83
    INT_CONST       shift and go to state 87
    REAL_CONST      shift and go to state 88
    TRUE            shift and go to state 89
    FALSE           shift and go to state 90
    STRING_CONST    shift and go to state 91
    (               shift and go to state 70
    ID              shift and go to state 17

    MulExpr                        shift and go to state 147
    PowExpr                        shift and go to state 84
    UnaryExpr                      shift and go to state 85
    Primary                        shift and go to state 86
    Designator                     shift and go to state 92

state 113

    (95) RelOp -> LT .

    +               reduce using rule 95 (RelOp -> LT .)
    -               reduce using rule 95 (RelOp -> LT .)
    INT_CONST       reduce using rule 95 (RelOp -> LT .)
    REAL_CONST      reduce using rule 95 (RelOp -> LT .)
    TRUE            reduce using rule 95 (RelOp -> LT .)
    FALSE           reduce using rule 95 (RelOp -> LT .)
    STRING_CONST    reduce using rule 95 (RelOp -> LT .)
    (               reduce using rule 95 (RelOp -> LT .)
    ID              reduce using rule 95 (RelOp -> LT .)


state 114

    (96) RelOp -> LE .

    +               reduce using rule 96 (RelOp -> LE .)
    -               reduce using rule 96 (RelOp -> LE .)
    INT_CONST       reduce using rule 96 (RelOp -> LE .)
    REAL_CONST      reduce using rule 96 (RelOp -> LE .)
    TRUE            reduce using rule 96 (RelOp -> LE .)
    FALSE           reduce using rule 96 (RelOp -> LE .)
    STRING_CONST    reduce using rule 96 (RelOp -> LE .)
    (               reduce using rule 96 (RelOp -> LE .)
    ID              reduce using rule 96 (RelOp -> LE .)


state 115

    (97) RelOp -> EQ .

    +               reduce using rule 97 (RelOp -> EQ .)
    -               reduce using rule 97 (RelOp -> EQ .)
    INT_CONST       reduce using rule 97 (RelOp -> EQ .)
    REAL_CONST      reduce using rule 97 (RelOp -> EQ .)
    TRUE            reduce using rule 97 (RelOp -> EQ .)
    FALSE           reduce using rule 97 (RelOp -> EQ .)
    STRING_CONST    reduce using rule 97 (RelOp -> EQ .)
    (               reduce using rule 97 (RelOp -> EQ .)
    ID              reduce using rule 97 (RelOp -> EQ .)


state 116

    (98) RelOp -> NE .

    +               reduce using rule 98 (RelOp -> NE .)
    -               reduce using rule 98 (RelOp -> NE .)
    INT_CONST       reduce using rule 98 (RelOp -> NE .)
    REAL_CONST      reduce using rule 98 (RelOp -> NE .)
    TRUE            reduce using rule 98 (RelOp -> NE .)
    FALSE           reduce using rule 98 (RelOp -> NE .)
    STRING_CONST    reduce using rule 98 (RelOp -> NE .)
    (               reduce using rule 98 (RelOp -> NE .)
    ID              reduce using rule 98 (RelOp -> NE .)


state 117

    (99) RelOp -> GT .

    +               reduce using rule 99 (RelOp -> GT .)
    -               reduce using rule 99 (RelOp -> GT .)
    INT_CONST       reduce using rule 99 (RelOp -> GT .)
    REAL_CONST      reduce using rule 99 (RelOp -> GT .)
    TRUE            reduce using rule 99 (RelOp -> GT .)
    FALSE           reduce using rule 99 (RelOp -> GT .)
    STRING_CONST    reduce using rule 99 (RelOp -> GT .)
    (               reduce using rule 99 (RelOp -> GT .)
    ID              reduce using rule 99 (RelOp -> GT .)


state 118

    (100) RelOp -> GE .

    +               reduce using rule 100 (RelOp -> GE .)
    -               reduce using rule 100 (RelOp -> GE .)
    INT_CONST       reduce using rule 100 (RelOp -> GE .)
    REAL_CONST      reduce using rule 100 (RelOp -> GE .)
    TRUE            reduce using rule 100 (RelOp -> GE .)
    FALSE           reduce using rule 100 (RelOp -> GE .)
    STRING_CONST    reduce using rule 100 (RelOp -> GE .)
    (               reduce using rule 100 (RelOp -> GE .)
    ID              reduce using rule 100 (RelOp -> GE .)


state 119

    (105) MulExpr -> MulExpr TIMES . PowExpr
    (107) PowExpr -> . UnaryExpr
    (108) PowExpr -> . Primary POWER PowExpr
    (109) UnaryExpr -> . Primary
    (110) UnaryExpr -> . + UnaryExpr
    (111) UnaryExpr -> . - UnaryExpr
    (112) Primary -> . INT_CONST
    (113) Primary -> . REAL_CONST
    (114) Primary -> . TRUE
    (115) Primary -> . FALSE
    (116) Primary -> . STRING_CONST
    (117) Primary -> . Designator
    (118) Primary -> . ( Expr )
    (80) Designator -> . ID
    (81) Designator -> . ID ( OptArgList )

    +               shift and go to state 82
    -               shift and go to state 83
    INT_CONST       shift and go to state 87
    REAL_CONST      shift and go to state 88
    TRUE            shift and go to state 89
    FALSE           shift and go to state 90
    STRING_CONST    shift and go to state 91
    (               shift and go to state 70
    ID              shift and go to state 17

    PowExpr                        shift and go to state 148
    UnaryExpr                      shift and go to state 85
    Primary                        shift and go to state 86
    Designator                     shift and go to state 92

state 120

    (106) MulExpr -> MulExpr / . PowExpr
    (107) PowExpr -> . UnaryExpr
    (108) PowExpr -> . Primary POWER PowExpr
    (109) UnaryExpr -> . Primary
    (110) UnaryExpr -> . + UnaryExpr
    (111) UnaryExpr -> . - UnaryExpr
    (112) Primary -> . INT_CONST
    (113) Primary -> . REAL_CONST
    (114) Primary -> . TRUE
    (115) Primary -> . FALSE
    (116) Primary -> . STRING_CONST
    (117) Primary -> . Designator
    (118) Primary -> . ( Expr )
    (80) Designator -> . ID
    (81) Designator -> . ID ( OptArgList )

    +               shift and go to state 82
    -               shift and go to state 83
    INT_CONST       shift and go to state 87
    REAL_CONST      shift and go to state 88
    TRUE            shift and go to state 89
    FALSE           shift and go to state 90
    STRING_CONST    shift and go to state 91
    (               shift and go to state 70
    ID              shift and go to state 17

    PowExpr                        shift and go to state 149
    UnaryExpr                      shift and go to state 85
    Primary                        shift and go to state 86
    Designator                     shift and go to state 92

state 121

    (110) UnaryExpr -> + UnaryExpr .

    TIMES           reduce using rule 110 (UnaryExpr -> + UnaryExpr .)
    /               reduce using rule 110 (UnaryExpr -> + UnaryExpr .)
    +               reduce using rule 110 (UnaryExpr -> + UnaryExpr .)
    -               reduce using rule 110 (UnaryExpr -> + UnaryExpr .)
    LT              reduce using rule 110 (UnaryExpr -> + UnaryExpr .)
    LE              reduce using rule 110 (UnaryExpr -> + UnaryExpr .)
    EQ              reduce using rule 110 (UnaryExpr -> + UnaryExpr .)
    NE              reduce using rule 110 (UnaryExpr -> + UnaryExpr .)
    GT              reduce using rule 110 (UnaryExpr -> + UnaryExpr .)
    GE              reduce using rule 110 (UnaryExpr -> + UnaryExpr .)
    AND             reduce using rule 110 (UnaryExpr -> + UnaryExpr .)
    OR              reduce using rule 110 (UnaryExpr -> + UnaryExpr .)
    ,               reduce using rule 110 (UnaryExpr -> + UnaryExpr .)
    )               reduce using rule 110 (UnaryExpr -> + UnaryExpr .)
    LABEL           reduce using rule 110 (UnaryExpr -> + UnaryExpr .)
    IF              reduce using rule 110 (UnaryExpr -> + UnaryExpr .)
    DO              reduce using rule 110 (UnaryExpr -> + UnaryExpr .)
    GOTO            reduce using rule 110 (UnaryExpr -> + UnaryExpr .)
    CONTINUE        reduce using rule 110 (UnaryExpr -> + UnaryExpr .)
    STOP            reduce using rule 110 (UnaryExpr -> + UnaryExpr .)
    READ            reduce using rule 110 (UnaryExpr -> + UnaryExpr .)
    PRINT           reduce using rule 110 (UnaryExpr -> + UnaryExpr .)
    RETURN          reduce using rule 110 (UnaryExpr -> + UnaryExpr .)
    CALL            reduce using rule 110 (UnaryExpr -> + UnaryExpr .)
    ID              reduce using rule 110 (UnaryExpr -> + UnaryExpr .)
    END             reduce using rule 110 (UnaryExpr -> + UnaryExpr .)
    ENDIF           reduce using rule 110 (UnaryExpr -> + UnaryExpr .)
    ELSE            reduce using rule 110 (UnaryExpr -> + UnaryExpr .)


state 122

    (109) UnaryExpr -> Primary .

    TIMES           reduce using rule 109 (UnaryExpr -> Primary .)
    /               reduce using rule 109 (UnaryExpr -> Primary .)
    +               reduce using rule 109 (UnaryExpr -> Primary .)
    -               reduce using rule 109 (UnaryExpr -> Primary .)
    LT              reduce using rule 109 (UnaryExpr -> Primary .)
    LE              reduce using rule 109 (UnaryExpr -> Primary .)
    EQ              reduce using rule 109 (UnaryExpr -> Primary .)
    NE              reduce using rule 109 (UnaryExpr -> Primary .)
    GT              reduce using rule 109 (UnaryExpr -> Primary .)
    GE              reduce using rule 109 (UnaryExpr -> Primary .)
    AND             reduce using rule 109 (UnaryExpr -> Primary .)
    OR              reduce using rule 109 (UnaryExpr -> Primary .)
    ,               reduce using rule 109 (UnaryExpr -> Primary .)
    )               reduce using rule 109 (UnaryExpr -> Primary .)
    LABEL           reduce using rule 109 (UnaryExpr -> Primary .)
    IF              reduce using rule 109 (UnaryExpr -> Primary .)
    DO              reduce using rule 109 (UnaryExpr -> Primary .)
    GOTO            reduce using rule 109 (UnaryExpr -> Primary .)
    CONTINUE        reduce using rule 109 (UnaryExpr -> Primary .)
    STOP            reduce using rule 109 (UnaryExpr -> Primary .)
    READ            reduce using rule 109 (UnaryExpr -> Primary .)
    PRINT           reduce using rule 109 (UnaryExpr -> Primary .)
    RETURN          reduce using rule 109 (UnaryExpr -> Primary .)
    CALL            reduce using rule 109 (UnaryExpr -> Primary .)
    ID              reduce using rule 109 (UnaryExpr -> Primary .)
    END             reduce using rule 109 (UnaryExpr -> Primary .)
    ENDIF           reduce using rule 109 (UnaryExpr -> Primary .)
    ELSE            reduce using rule 109 (UnaryExpr -> Primary .)


state 123

    (111) UnaryExpr -> - UnaryExpr .

    TIMES           reduce using rule 111 (UnaryExpr -> - UnaryExpr .)
    /               reduce using rule 111 (UnaryExpr -> - UnaryExpr .)
    +               reduce using rule 111 (UnaryExpr -> - UnaryExpr .)
    -               reduce using rule 111 (UnaryExpr -> - UnaryExpr .)
    LT              reduce using rule 111 (UnaryExpr -> - UnaryExpr .)
    LE              reduce using rule 111 (UnaryExpr -> - UnaryExpr .)
    EQ              reduce using rule 111 (UnaryExpr -> - UnaryExpr .)
    NE              reduce using rule 111 (UnaryExpr -> - UnaryExpr .)
    GT              reduce using rule 111 (UnaryExpr -> - UnaryExpr .)
    GE              reduce using rule 111 (UnaryExpr -> - UnaryExpr .)
    AND             reduce using rule 111 (UnaryExpr -> - UnaryExpr .)
    OR              reduce using rule 111 (UnaryExpr -> - UnaryExpr .)
    ,               reduce using rule 111 (UnaryExpr -> - UnaryExpr .)
    )               reduce using rule 111 (UnaryExpr -> - UnaryExpr .)
    LABEL           reduce using rule 111 (UnaryExpr -> - UnaryExpr .)
    IF              reduce using rule 111 (UnaryExpr -> - UnaryExpr .)
    DO              reduce using rule 111 (UnaryExpr -> - UnaryExpr .)
    GOTO            reduce using rule 111 (UnaryExpr -> - UnaryExpr .)
    CONTINUE        reduce using rule 111 (UnaryExpr -> - UnaryExpr .)
    STOP            reduce using rule 111 (UnaryExpr -> - UnaryExpr .)
    READ            reduce using rule 111 (UnaryExpr -> - UnaryExpr .)
    PRINT           reduce using rule 111 (UnaryExpr -> - UnaryExpr .)
    RETURN          reduce using rule 111 (UnaryExpr -> - UnaryExpr .)
    CALL            reduce using rule 111 (UnaryExpr -> - UnaryExpr .)
    ID              reduce using rule 111 (UnaryExpr -> - UnaryExpr .)
    END             reduce using rule 111 (UnaryExpr -> - UnaryExpr .)
    ENDIF           reduce using rule 111 (UnaryExpr -> - UnaryExpr .)
    ELSE            reduce using rule 111 (UnaryExpr -> - UnaryExpr .)


state 124

    (108) PowExpr -> Primary POWER . PowExpr
    (107) PowExpr -> . UnaryExpr
    (108) PowExpr -> . Primary POWER PowExpr
    (109) UnaryExpr -> . Primary
    (110) UnaryExpr -> . + UnaryExpr
    (111) UnaryExpr -> . - UnaryExpr
    (112) Primary -> . INT_CONST
    (113) Primary -> . REAL_CONST
    (114) Primary -> . TRUE
    (115) Primary -> . FALSE
    (116) Primary -> . STRING_CONST
    (117) Primary -> . Designator
    (118) Primary -> . ( Expr )
    (80) Designator -> . ID
    (81) Designator -> . ID ( OptArgList )

    +               shift and go to state 82
    -               shift and go to state 83
    INT_CONST       shift and go to state 87
    REAL_CONST      shift and go to state 88
    TRUE            shift and go to state 89
    FALSE           shift and go to state 90
    STRING_CONST    shift and go to state 91
    (               shift and go to state 70
    ID              shift and go to state 17

    Primary                        shift and go to state 86
    PowExpr                        shift and go to state 150
    UnaryExpr                      shift and go to state 85
    Designator                     shift and go to state 92

state 125

    (36) DeclaratorList -> DeclaratorList , Declarator .

    ,               reduce using rule 36 (DeclaratorList -> DeclaratorList , Declarator .)
    INTEGER         reduce using rule 36 (DeclaratorList -> DeclaratorList , Declarator .)
    REAL            reduce using rule 36 (DeclaratorList -> DeclaratorList , Declarator .)
    LOGICAL         reduce using rule 36 (DeclaratorList -> DeclaratorList , Declarator .)
    LABEL           reduce using rule 36 (DeclaratorList -> DeclaratorList , Declarator .)
    IF              reduce using rule 36 (DeclaratorList -> DeclaratorList , Declarator .)
    DO              reduce using rule 36 (DeclaratorList -> DeclaratorList , Declarator .)
    GOTO            reduce using rule 36 (DeclaratorList -> DeclaratorList , Declarator .)
    CONTINUE        reduce using rule 36 (DeclaratorList -> DeclaratorList , Declarator .)
    STOP            reduce using rule 36 (DeclaratorList -> DeclaratorList , Declarator .)
    READ            reduce using rule 36 (DeclaratorList -> DeclaratorList , Declarator .)
    PRINT           reduce using rule 36 (DeclaratorList -> DeclaratorList , Declarator .)
    RETURN          reduce using rule 36 (DeclaratorList -> DeclaratorList , Declarator .)
    CALL            reduce using rule 36 (DeclaratorList -> DeclaratorList , Declarator .)
    ID              reduce using rule 36 (DeclaratorList -> DeclaratorList , Declarator .)


state 126

    (38) Declarator -> ID ( INT_CONST . )

    )               shift and go to state 151


state 127

    (44) IfStmt -> IF ( Expr ) . THEN ThenBlock ENDIF
    (45) IfStmt -> IF ( Expr ) . THEN ThenBlock ELSE ElseBlock ENDIF

    THEN            shift and go to state 152


state 128

    (50) DoStmt -> DO INT_CONST ID = . Expr , Expr DoRangeTail DoBody
    (86) Expr -> . OrExpr
    (87) OrExpr -> . AndExpr
    (88) OrExpr -> . OrExpr OR AndExpr
    (89) AndExpr -> . NotExpr
    (90) AndExpr -> . AndExpr AND NotExpr
    (91) NotExpr -> . RelExpr
    (92) NotExpr -> . NOT NotExpr
    (93) RelExpr -> . AddExpr
    (94) RelExpr -> . AddExpr RelOp AddExpr
    (101) AddExpr -> . MulExpr
    (102) AddExpr -> . AddExpr + MulExpr
    (103) AddExpr -> . AddExpr - MulExpr
    (104) MulExpr -> . PowExpr
    (105) MulExpr -> . MulExpr TIMES PowExpr
    (106) MulExpr -> . MulExpr / PowExpr
    (107) PowExpr -> . UnaryExpr
    (108) PowExpr -> . Primary POWER PowExpr
    (109) UnaryExpr -> . Primary
    (110) UnaryExpr -> . + UnaryExpr
    (111) UnaryExpr -> . - UnaryExpr
    (112) Primary -> . INT_CONST
    (113) Primary -> . REAL_CONST
    (114) Primary -> . TRUE
    (115) Primary -> . FALSE
    (116) Primary -> . STRING_CONST
    (117) Primary -> . Designator
    (118) Primary -> . ( Expr )
    (80) Designator -> . ID
    (81) Designator -> . ID ( OptArgList )

    NOT             shift and go to state 79
    +               shift and go to state 82
    -               shift and go to state 83
    INT_CONST       shift and go to state 87
    REAL_CONST      shift and go to state 88
    TRUE            shift and go to state 89
    FALSE           shift and go to state 90
    STRING_CONST    shift and go to state 91
    (               shift and go to state 70
    ID              shift and go to state 17

    Expr                           shift and go to state 153
    OrExpr                         shift and go to state 75
    AndExpr                        shift and go to state 76
    NotExpr                        shift and go to state 77
    RelExpr                        shift and go to state 78
    AddExpr                        shift and go to state 80
    MulExpr                        shift and go to state 81
    PowExpr                        shift and go to state 84
    UnaryExpr                      shift and go to state 85
    Primary                        shift and go to state 86
    Designator                     shift and go to state 92

state 129

    (72) ReadStmt -> READ TIMES , ReadList .
    (74) ReadList -> ReadList . , ReadItem

    LABEL           reduce using rule 72 (ReadStmt -> READ TIMES , ReadList .)
    IF              reduce using rule 72 (ReadStmt -> READ TIMES , ReadList .)
    DO              reduce using rule 72 (ReadStmt -> READ TIMES , ReadList .)
    GOTO            reduce using rule 72 (ReadStmt -> READ TIMES , ReadList .)
    CONTINUE        reduce using rule 72 (ReadStmt -> READ TIMES , ReadList .)
    STOP            reduce using rule 72 (ReadStmt -> READ TIMES , ReadList .)
    READ            reduce using rule 72 (ReadStmt -> READ TIMES , ReadList .)
    PRINT           reduce using rule 72 (ReadStmt -> READ TIMES , ReadList .)
    RETURN          reduce using rule 72 (ReadStmt -> READ TIMES , ReadList .)
    CALL            reduce using rule 72 (ReadStmt -> READ TIMES , ReadList .)
    ID              reduce using rule 72 (ReadStmt -> READ TIMES , ReadList .)
    END             reduce using rule 72 (ReadStmt -> READ TIMES , ReadList .)
    ENDIF           reduce using rule 72 (ReadStmt -> READ TIMES , ReadList .)
    ELSE            reduce using rule 72 (ReadStmt -> READ TIMES , ReadList .)
    ,               shift and go to state 154


state 130

    (73) ReadList -> ReadItem .

    ,               reduce using rule 73 (ReadList -> ReadItem .)
    LABEL           reduce using rule 73 (ReadList -> ReadItem .)
    IF              reduce using rule 73 (ReadList -> ReadItem .)
    DO              reduce using rule 73 (ReadList -> ReadItem .)
    GOTO            reduce using rule 73 (ReadList -> ReadItem .)
    CONTINUE        reduce using rule 73 (ReadList -> ReadItem .)
    STOP            reduce using rule 73 (ReadList -> ReadItem .)
    READ            reduce using rule 73 (ReadList -> ReadItem .)
    PRINT           reduce using rule 73 (ReadList -> ReadItem .)
    RETURN          reduce using rule 73 (ReadList -> ReadItem .)
    CALL            reduce using rule 73 (ReadList -> ReadItem .)
    ID              reduce using rule 73 (ReadList -> ReadItem .)
    END             reduce using rule 73 (ReadList -> ReadItem .)
    ENDIF           reduce using rule 73 (ReadList -> ReadItem .)
    ELSE            reduce using rule 73 (ReadList -> ReadItem .)


state 131

    (75) ReadItem -> Designator .

    ,               reduce using rule 75 (ReadItem -> Designator .)
    LABEL           reduce using rule 75 (ReadItem -> Designator .)
    IF              reduce using rule 75 (ReadItem -> Designator .)
    DO              reduce using rule 75 (ReadItem -> Designator .)
    GOTO            reduce using rule 75 (ReadItem -> Designator .)
    CONTINUE        reduce using rule 75 (ReadItem -> Designator .)
    STOP            reduce using rule 75 (ReadItem -> Designator .)
    READ            reduce using rule 75 (ReadItem -> Designator .)
    PRINT           reduce using rule 75 (ReadItem -> Designator .)
    RETURN          reduce using rule 75 (ReadItem -> Designator .)
    CALL            reduce using rule 75 (ReadItem -> Designator .)
    ID              reduce using rule 75 (ReadItem -> Designator .)
    END             reduce using rule 75 (ReadItem -> Designator .)
    ENDIF           reduce using rule 75 (ReadItem -> Designator .)
    ELSE            reduce using rule 75 (ReadItem -> Designator .)


state 132

    (76) PrintStmt -> PRINT TIMES , PrintList .
    (78) PrintList -> PrintList . , PrintItem

    LABEL           reduce using rule 76 (PrintStmt -> PRINT TIMES , PrintList .)
    IF              reduce using rule 76 (PrintStmt -> PRINT TIMES , PrintList .)
    DO              reduce using rule 76 (PrintStmt -> PRINT TIMES , PrintList .)
    GOTO            reduce using rule 76 (PrintStmt -> PRINT TIMES , PrintList .)
    CONTINUE        reduce using rule 76 (PrintStmt -> PRINT TIMES , PrintList .)
    STOP            reduce using rule 76 (PrintStmt -> PRINT TIMES , PrintList .)
    READ            reduce using rule 76 (PrintStmt -> PRINT TIMES , PrintList .)
    PRINT           reduce using rule 76 (PrintStmt -> PRINT TIMES , PrintList .)
    RETURN          reduce using rule 76 (PrintStmt -> PRINT TIMES , PrintList .)
    CALL            reduce using rule 76 (PrintStmt -> PRINT TIMES , PrintList .)
    ID              reduce using rule 76 (PrintStmt -> PRINT TIMES , PrintList .)
    END             reduce using rule 76 (PrintStmt -> PRINT TIMES , PrintList .)
    ENDIF           reduce using rule 76 (PrintStmt -> PRINT TIMES , PrintList .)
    ELSE            reduce using rule 76 (PrintStmt -> PRINT TIMES , PrintList .)
    ,               shift and go to state 155


state 133

    (77) PrintList -> PrintItem .

    ,               reduce using rule 77 (PrintList -> PrintItem .)
    LABEL           reduce using rule 77 (PrintList -> PrintItem .)
    IF              reduce using rule 77 (PrintList -> PrintItem .)
    DO              reduce using rule 77 (PrintList -> PrintItem .)
    GOTO            reduce using rule 77 (PrintList -> PrintItem .)
    CONTINUE        reduce using rule 77 (PrintList -> PrintItem .)
    STOP            reduce using rule 77 (PrintList -> PrintItem .)
    READ            reduce using rule 77 (PrintList -> PrintItem .)
    PRINT           reduce using rule 77 (PrintList -> PrintItem .)
    RETURN          reduce using rule 77 (PrintList -> PrintItem .)
    CALL            reduce using rule 77 (PrintList -> PrintItem .)
    ID              reduce using rule 77 (PrintList -> PrintItem .)
    END             reduce using rule 77 (PrintList -> PrintItem .)
    ENDIF           reduce using rule 77 (PrintList -> PrintItem .)
    ELSE            reduce using rule 77 (PrintList -> PrintItem .)


state 134

    (79) PrintItem -> Expr .

    ,               reduce using rule 79 (PrintItem -> Expr .)
    LABEL           reduce using rule 79 (PrintItem -> Expr .)
    IF              reduce using rule 79 (PrintItem -> Expr .)
    DO              reduce using rule 79 (PrintItem -> Expr .)
    GOTO            reduce using rule 79 (PrintItem -> Expr .)
    CONTINUE        reduce using rule 79 (PrintItem -> Expr .)
    STOP            reduce using rule 79 (PrintItem -> Expr .)
    READ            reduce using rule 79 (PrintItem -> Expr .)
    PRINT           reduce using rule 79 (PrintItem -> Expr .)
    RETURN          reduce using rule 79 (PrintItem -> Expr .)
    CALL            reduce using rule 79 (PrintItem -> Expr .)
    ID              reduce using rule 79 (PrintItem -> Expr .)
    END             reduce using rule 79 (PrintItem -> Expr .)
    ENDIF           reduce using rule 79 (PrintItem -> Expr .)
    ELSE            reduce using rule 79 (PrintItem -> Expr .)


state 135

    (71) CallStmt -> CALL ID ( OptArgList . )

    )               shift and go to state 156


state 136

    (8) FunctionSubprogram -> TypeSpec FUNCTION ID ( OptParamList ) . SubprogramBody END
    (12) SubprogramBody -> . DeclPart ExecPart
    (13) SubprogramBody -> . ExecPart
    (14) DeclPart -> . DeclarationStmt
    (15) DeclPart -> . DeclPart DeclarationStmt
    (16) ExecPart -> . ExecutableStmt
    (17) ExecPart -> . ExecPart ExecutableStmt
    (31) DeclarationStmt -> . TypeSpec DeclaratorList
    (18) ExecutableStmt -> . LabeledExecutableStmt
    (19) ExecutableStmt -> . UnlabeledExecutableStmt
    (32) TypeSpec -> . INTEGER
    (33) TypeSpec -> . REAL
    (34) TypeSpec -> . LOGICAL
    (20) LabeledExecutableStmt -> . LABEL UnlabeledExecutableStmt
    (21) UnlabeledExecutableStmt -> . AssignmentStmt
    (22) UnlabeledExecutableStmt -> . IfStmt
    (23) UnlabeledExecutableStmt -> . DoStmt
    (24) UnlabeledExecutableStmt -> . GotoStmt
    (25) UnlabeledExecutableStmt -> . ContinueStmt
    (26) UnlabeledExecutableStmt -> . StopStmt
    (27) UnlabeledExecutableStmt -> . ReadStmt
    (28) UnlabeledExecutableStmt -> . PrintStmt
    (29) UnlabeledExecutableStmt -> . ReturnStmt
    (30) UnlabeledExecutableStmt -> . CallStmt
    (43) AssignmentStmt -> . Designator = Expr
    (44) IfStmt -> . IF ( Expr ) THEN ThenBlock ENDIF
    (45) IfStmt -> . IF ( Expr ) THEN ThenBlock ELSE ElseBlock ENDIF
    (50) DoStmt -> . DO INT_CONST ID = Expr , Expr DoRangeTail DoBody
    (67) GotoStmt -> . GOTO INT_CONST
    (68) ContinueStmt -> . CONTINUE
    (69) StopStmt -> . STOP
    (72) ReadStmt -> . READ TIMES , ReadList
    (76) PrintStmt -> . PRINT TIMES , PrintList
    (70) ReturnStmt -> . RETURN
    (71) CallStmt -> . CALL ID ( OptArgList )
    (80) Designator -> . ID
    (81) Designator -> . ID ( OptArgList )

    INTEGER         shift and go to state 10
    REAL            shift and go to state 11
    LOGICAL         shift and go to state 12
    LABEL           shift and go to state 26
    IF              shift and go to state 38
    DO              shift and go to state 39
    GOTO            shift and go to state 40
    CONTINUE        shift and go to state 41
    STOP            shift and go to state 42
    READ            shift and go to state 43
    PRINT           shift and go to state 44
    RETURN          shift and go to state 45
    CALL            shift and go to state 46
    ID              shift and go to state 17

    TypeSpec                       shift and go to state 23
    SubprogramBody                 shift and go to state 157
    DeclPart                       shift and go to state 138
    ExecPart                       shift and go to state 139
    DeclarationStmt                shift and go to state 21
    ExecutableStmt                 shift and go to state 22
    LabeledExecutableStmt          shift and go to state 24
    UnlabeledExecutableStmt        shift and go to state 25
    AssignmentStmt                 shift and go to state 27
    IfStmt                         shift and go to state 28
    DoStmt                         shift and go to state 29
    GotoStmt                       shift and go to state 30
    ContinueStmt                   shift and go to state 31
    StopStmt                       shift and go to state 32
    ReadStmt                       shift and go to state 33
    PrintStmt                      shift and go to state 34
    ReturnStmt                     shift and go to state 35
    CallStmt                       shift and go to state 36
    Designator                     shift and go to state 37

state 137

    (9) SubroutineSubprogram -> SUBROUTINE ID ( OptParamList ) SubprogramBody . END

    END             shift and go to state 158


state 138

    (12) SubprogramBody -> DeclPart . ExecPart
    (15) DeclPart -> DeclPart . DeclarationStmt
    (16) ExecPart -> . ExecutableStmt
    (17) ExecPart -> . ExecPart ExecutableStmt
    (31) DeclarationStmt -> . TypeSpec DeclaratorList
    (18) ExecutableStmt -> . LabeledExecutableStmt
    (19) ExecutableStmt -> . UnlabeledExecutableStmt
    (32) TypeSpec -> . INTEGER
    (33) TypeSpec -> . REAL
    (34) TypeSpec -> . LOGICAL
    (20) LabeledExecutableStmt -> . LABEL UnlabeledExecutableStmt
    (21) UnlabeledExecutableStmt -> . AssignmentStmt
    (22) UnlabeledExecutableStmt -> . IfStmt
    (23) UnlabeledExecutableStmt -> . DoStmt
    (24) UnlabeledExecutableStmt -> . GotoStmt
    (25) UnlabeledExecutableStmt -> . ContinueStmt
    (26) UnlabeledExecutableStmt -> . StopStmt
    (27) UnlabeledExecutableStmt -> . ReadStmt
    (28) UnlabeledExecutableStmt -> . PrintStmt
    (29) UnlabeledExecutableStmt -> . ReturnStmt
    (30) UnlabeledExecutableStmt -> . CallStmt
    (43) AssignmentStmt -> . Designator = Expr
    (44) IfStmt -> . IF ( Expr ) THEN ThenBlock ENDIF
    (45) IfStmt -> . IF ( Expr ) THEN ThenBlock ELSE ElseBlock ENDIF
    (50) DoStmt -> . DO INT_CONST ID = Expr , Expr DoRangeTail DoBody
    (67) GotoStmt -> . GOTO INT_CONST
    (68) ContinueStmt -> . CONTINUE
    (69) StopStmt -> . STOP
    (72) ReadStmt -> . READ TIMES , ReadList
    (76) PrintStmt -> . PRINT TIMES , PrintList
    (70) ReturnStmt -> . RETURN
    (71) CallStmt -> . CALL ID ( OptArgList )
    (80) Designator -> . ID
    (81) Designator -> . ID ( OptArgList )

    INTEGER         shift and go to state 10
    REAL            shift and go to state 11
    LOGICAL         shift and go to state 12
    LABEL           shift and go to state 26
    IF              shift and go to state 38
    DO              shift and go to state 39
    GOTO            shift and go to state 40
    CONTINUE        shift and go to state 41
    STOP            shift and go to state 42
    READ            shift and go to state 43
    PRINT           shift and go to state 44
    RETURN          shift and go to state 45
    CALL            shift and go to state 46
    ID              shift and go to state 17

    ExecPart                       shift and go to state 159
    DeclarationStmt                shift and go to state 52
    ExecutableStmt                 shift and go to state 22
    TypeSpec                       shift and go to state 23
    LabeledExecutableStmt          shift and go to state 24
    UnlabeledExecutableStmt        shift and go to state 25
    AssignmentStmt                 shift and go to state 27
    IfStmt                         shift and go to state 28
    DoStmt                         shift and go to state 29
    GotoStmt                       shift and go to state 30
    ContinueStmt                   shift and go to state 31
    StopStmt                       shift and go to state 32
    ReadStmt                       shift and go to state 33
    PrintStmt                      shift and go to state 34
    ReturnStmt                     shift and go to state 35
    CallStmt                       shift and go to state 36
    Designator                     shift and go to state 37

state 139

    (13) SubprogramBody -> ExecPart .
    (17) ExecPart -> ExecPart . ExecutableStmt
    (18) ExecutableStmt -> . LabeledExecutableStmt
    (19) ExecutableStmt -> . UnlabeledExecutableStmt
    (20) LabeledExecutableStmt -> . LABEL UnlabeledExecutableStmt
    (21) UnlabeledExecutableStmt -> . AssignmentStmt
    (22) UnlabeledExecutableStmt -> . IfStmt
    (23) UnlabeledExecutableStmt -> . DoStmt
    (24) UnlabeledExecutableStmt -> . GotoStmt
    (25) UnlabeledExecutableStmt -> . ContinueStmt
    (26) UnlabeledExecutableStmt -> . StopStmt
    (27) UnlabeledExecutableStmt -> . ReadStmt
    (28) UnlabeledExecutableStmt -> . PrintStmt
    (29) UnlabeledExecutableStmt -> . ReturnStmt
    (30) UnlabeledExecutableStmt -> . CallStmt
    (43) AssignmentStmt -> . Designator = Expr
    (44) IfStmt -> . IF ( Expr ) THEN ThenBlock ENDIF
    (45) IfStmt -> . IF ( Expr ) THEN ThenBlock ELSE ElseBlock ENDIF
    (50) DoStmt -> . DO INT_CONST ID = Expr , Expr DoRangeTail DoBody
    (67) GotoStmt -> . GOTO INT_CONST
    (68) ContinueStmt -> . CONTINUE
    (69) StopStmt -> . STOP
    (72) ReadStmt -> . READ TIMES , ReadList
    (76) PrintStmt -> . PRINT TIMES , PrintList
    (70) ReturnStmt -> . RETURN
    (71) CallStmt -> . CALL ID ( OptArgList )
    (80) Designator -> . ID
    (81) Designator -> . ID ( OptArgList )

    END             reduce using rule 13 (SubprogramBody -> ExecPart .)
    LABEL           shift and go to state 26
    IF              shift and go to state 38
    DO              shift and go to state 39
    GOTO            shift and go to state 40
    CONTINUE        shift and go to state 41
    STOP            shift and go to state 42
    READ            shift and go to state 43
    PRINT           shift and go to state 44
    RETURN          shift and go to state 45
    CALL            shift and go to state 46
    ID              shift and go to state 17

    ExecutableStmt                 shift and go to state 53
    LabeledExecutableStmt          shift and go to state 24
    UnlabeledExecutableStmt        shift and go to state 25
    AssignmentStmt                 shift and go to state 27
    IfStmt                         shift and go to state 28
    DoStmt                         shift and go to state 29
    GotoStmt                       shift and go to state 30
    ContinueStmt                   shift and go to state 31
    StopStmt                       shift and go to state 32
    ReadStmt                       shift and go to state 33
    PrintStmt                      shift and go to state 34
    ReturnStmt                     shift and go to state 35
    CallStmt                       shift and go to state 36
    Designator                     shift and go to state 37

state 140

    (42) ParamList -> ParamList , ID .

    ,               reduce using rule 42 (ParamList -> ParamList , ID .)
    )               reduce using rule 42 (ParamList -> ParamList , ID .)


state 141

    (118) Primary -> ( Expr ) .

    POWER           reduce using rule 118 (Primary -> ( Expr ) .)
    TIMES           reduce using rule 118 (Primary -> ( Expr ) .)
    /               reduce using rule 118 (Primary -> ( Expr ) .)
    +               reduce using rule 118 (Primary -> ( Expr ) .)
    -               reduce using rule 118 (Primary -> ( Expr ) .)
    LT              reduce using rule 118 (Primary -> ( Expr ) .)
    LE              reduce using rule 118 (Primary -> ( Expr ) .)
    EQ              reduce using rule 118 (Primary -> ( Expr ) .)
    NE              reduce using rule 118 (Primary -> ( Expr ) .)
    GT              reduce using rule 118 (Primary -> ( Expr ) .)
    GE              reduce using rule 118 (Primary -> ( Expr ) .)
    AND             reduce using rule 118 (Primary -> ( Expr ) .)
    OR              reduce using rule 118 (Primary -> ( Expr ) .)
    ,               reduce using rule 118 (Primary -> ( Expr ) .)
    )               reduce using rule 118 (Primary -> ( Expr ) .)
    LABEL           reduce using rule 118 (Primary -> ( Expr ) .)
    IF              reduce using rule 118 (Primary -> ( Expr ) .)
    DO              reduce using rule 118 (Primary -> ( Expr ) .)
    GOTO            reduce using rule 118 (Primary -> ( Expr ) .)
    CONTINUE        reduce using rule 118 (Primary -> ( Expr ) .)
    STOP            reduce using rule 118 (Primary -> ( Expr ) .)
    READ            reduce using rule 118 (Primary -> ( Expr ) .)
    PRINT           reduce using rule 118 (Primary -> ( Expr ) .)
    RETURN          reduce using rule 118 (Primary -> ( Expr ) .)
    CALL            reduce using rule 118 (Primary -> ( Expr ) .)
    ID              reduce using rule 118 (Primary -> ( Expr ) .)
    END             reduce using rule 118 (Primary -> ( Expr ) .)
    ENDIF           reduce using rule 118 (Primary -> ( Expr ) .)
    ELSE            reduce using rule 118 (Primary -> ( Expr ) .)


state 142

    (85) ArgList -> ArgList , Expr .

    ,               reduce using rule 85 (ArgList -> ArgList , Expr .)
    )               reduce using rule 85 (ArgList -> ArgList , Expr .)


state 143

    (88) OrExpr -> OrExpr OR AndExpr .
    (90) AndExpr -> AndExpr . AND NotExpr

    OR              reduce using rule 88 (OrExpr -> OrExpr OR AndExpr .)
    ,               reduce using rule 88 (OrExpr -> OrExpr OR AndExpr .)
    )               reduce using rule 88 (OrExpr -> OrExpr OR AndExpr .)
    LABEL           reduce using rule 88 (OrExpr -> OrExpr OR AndExpr .)
    IF              reduce using rule 88 (OrExpr -> OrExpr OR AndExpr .)
    DO              reduce using rule 88 (OrExpr -> OrExpr OR AndExpr .)
    GOTO            reduce using rule 88 (OrExpr -> OrExpr OR AndExpr .)
    CONTINUE        reduce using rule 88 (OrExpr -> OrExpr OR AndExpr .)
    STOP            reduce using rule 88 (OrExpr -> OrExpr OR AndExpr .)
    READ            reduce using rule 88 (OrExpr -> OrExpr OR AndExpr .)
    PRINT           reduce using rule 88 (OrExpr -> OrExpr OR AndExpr .)
    RETURN          reduce using rule 88 (OrExpr -> OrExpr OR AndExpr .)
    CALL            reduce using rule 88 (OrExpr -> OrExpr OR AndExpr .)
    ID              reduce using rule 88 (OrExpr -> OrExpr OR AndExpr .)
    END             reduce using rule 88 (OrExpr -> OrExpr OR AndExpr .)
    ENDIF           reduce using rule 88 (OrExpr -> OrExpr OR AndExpr .)
    ELSE            reduce using rule 88 (OrExpr -> OrExpr OR AndExpr .)
    AND             shift and go to state 108


state 144

    (90) AndExpr -> AndExpr AND NotExpr .

    AND             reduce using rule 90 (AndExpr -> AndExpr AND NotExpr .)
    OR              reduce using rule 90 (AndExpr -> AndExpr AND NotExpr .)
    ,               reduce using rule 90 (AndExpr -> AndExpr AND NotExpr .)
    )               reduce using rule 90 (AndExpr -> AndExpr AND NotExpr .)
    LABEL           reduce using rule 90 (AndExpr -> AndExpr AND NotExpr .)
    IF              reduce using rule 90 (AndExpr -> AndExpr AND NotExpr .)
    DO              reduce using rule 90 (AndExpr -> AndExpr AND NotExpr .)
    GOTO            reduce using rule 90 (AndExpr -> AndExpr AND NotExpr .)
    CONTINUE        reduce using rule 90 (AndExpr -> AndExpr AND NotExpr .)
    STOP            reduce using rule 90 (AndExpr -> AndExpr AND NotExpr .)
    READ            reduce using rule 90 (AndExpr -> AndExpr AND NotExpr .)
    PRINT           reduce using rule 90 (AndExpr -> AndExpr AND NotExpr .)
    RETURN          reduce using rule 90 (AndExpr -> AndExpr AND NotExpr .)
    CALL            reduce using rule 90 (AndExpr -> AndExpr AND NotExpr .)
    ID              reduce using rule 90 (AndExpr -> AndExpr AND NotExpr .)
    END             reduce using rule 90 (AndExpr -> AndExpr AND NotExpr .)
    ENDIF           reduce using rule 90 (AndExpr -> AndExpr AND NotExpr .)
    ELSE            reduce using rule 90 (AndExpr -> AndExpr AND NotExpr .)


state 145

    (94) RelExpr -> AddExpr RelOp AddExpr .
    (102) AddExpr -> AddExpr . + MulExpr
    (103) AddExpr -> AddExpr . - MulExpr

    AND             reduce using rule 94 (RelExpr -> AddExpr RelOp AddExpr .)
    OR              reduce using rule 94 (RelExpr -> AddExpr RelOp AddExpr .)
    ,               reduce using rule 94 (RelExpr -> AddExpr RelOp AddExpr .)
    )               reduce using rule 94 (RelExpr -> AddExpr RelOp AddExpr .)
    LABEL           reduce using rule 94 (RelExpr -> AddExpr RelOp AddExpr .)
    IF              reduce using rule 94 (RelExpr -> AddExpr RelOp AddExpr .)
    DO              reduce using rule 94 (RelExpr -> AddExpr RelOp AddExpr .)
    GOTO            reduce using rule 94 (RelExpr -> AddExpr RelOp AddExpr .)
    CONTINUE        reduce using rule 94 (RelExpr -> AddExpr RelOp AddExpr .)
    STOP            reduce using rule 94 (RelExpr -> AddExpr RelOp AddExpr .)
    READ            reduce using rule 94 (RelExpr -> AddExpr RelOp AddExpr .)
    PRINT           reduce using rule 94 (RelExpr -> AddExpr RelOp AddExpr .)
    RETURN          reduce using rule 94 (RelExpr -> AddExpr RelOp AddExpr .)
    CALL            reduce using rule 94 (RelExpr -> AddExpr RelOp AddExpr .)
    ID              reduce using rule 94 (RelExpr -> AddExpr RelOp AddExpr .)
    END             reduce using rule 94 (RelExpr -> AddExpr RelOp AddExpr .)
    ENDIF           reduce using rule 94 (RelExpr -> AddExpr RelOp AddExpr .)
    ELSE            reduce using rule 94 (RelExpr -> AddExpr RelOp AddExpr .)
    +               shift and go to state 111
    -               shift and go to state 112


state 146

    (102) AddExpr -> AddExpr + MulExpr .
    (105) MulExpr -> MulExpr . TIMES PowExpr
    (106) MulExpr -> MulExpr . / PowExpr

    +               reduce using rule 102 (AddExpr -> AddExpr + MulExpr .)
    -               reduce using rule 102 (AddExpr -> AddExpr + MulExpr .)
    LT              reduce using rule 102 (AddExpr -> AddExpr + MulExpr .)
    LE              reduce using rule 102 (AddExpr -> AddExpr + MulExpr .)
    EQ              reduce using rule 102 (AddExpr -> AddExpr + MulExpr .)
    NE              reduce using rule 102 (AddExpr -> AddExpr + MulExpr .)
    GT              reduce using rule 102 (AddExpr -> AddExpr + MulExpr .)
    GE              reduce using rule 102 (AddExpr -> AddExpr + MulExpr .)
    AND             reduce using rule 102 (AddExpr -> AddExpr + MulExpr .)
    OR              reduce using rule 102 (AddExpr -> AddExpr + MulExpr .)
    ,               reduce using rule 102 (AddExpr -> AddExpr + MulExpr .)
    )               reduce using rule 102 (AddExpr -> AddExpr + MulExpr .)
    LABEL           reduce using rule 102 (AddExpr -> AddExpr + MulExpr .)
    IF              reduce using rule 102 (AddExpr -> AddExpr + MulExpr .)
    DO              reduce using rule 102 (AddExpr -> AddExpr + MulExpr .)
    GOTO            reduce using rule 102 (AddExpr -> AddExpr + MulExpr .)
    CONTINUE        reduce using rule 102 (AddExpr -> AddExpr + MulExpr .)
    STOP            reduce using rule 102 (AddExpr -> AddExpr + MulExpr .)
    READ            reduce using rule 102 (AddExpr -> AddExpr + MulExpr .)
    PRINT           reduce using rule 102 (AddExpr -> AddExpr + MulExpr .)
    RETURN          reduce using rule 102 (AddExpr -> AddExpr + MulExpr .)
    CALL            reduce using rule 102 (AddExpr -> AddExpr + MulExpr .)
    ID              reduce using rule 102 (AddExpr -> AddExpr + MulExpr .)
    END             reduce using rule 102 (AddExpr -> AddExpr + MulExpr .)
    ENDIF           reduce using rule 102 (AddExpr -> AddExpr + MulExpr .)
    ELSE            reduce using rule 102 (AddExpr -> AddExpr + MulExpr .)
    TIMES           shift and go to state 119
    /               shift and go to state 120


state 147

    (103) AddExpr -> AddExpr - MulExpr .
    (105) MulExpr -> MulExpr . TIMES PowExpr
    (106) MulExpr -> MulExpr . / PowExpr

    +               reduce using rule 103 (AddExpr -> AddExpr - MulExpr .)
    -               reduce using rule 103 (AddExpr -> AddExpr - MulExpr .)
    LT              reduce using rule 103 (AddExpr -> AddExpr - MulExpr .)
    LE              reduce using rule 103 (AddExpr -> AddExpr - MulExpr .)
    EQ              reduce using rule 103 (AddExpr -> AddExpr - MulExpr .)
    NE              reduce using rule 103 (AddExpr -> AddExpr - MulExpr .)
    GT              reduce using rule 103 (AddExpr -> AddExpr - MulExpr .)
    GE              reduce using rule 103 (AddExpr -> AddExpr - MulExpr .)
    AND             reduce using rule 103 (AddExpr -> AddExpr - MulExpr .)
    OR              reduce using rule 103 (AddExpr -> AddExpr - MulExpr .)
    ,               reduce using rule 103 (AddExpr -> AddExpr - MulExpr .)
    )               reduce using rule 103 (AddExpr -> AddExpr - MulExpr .)
    LABEL           reduce using rule 103 (AddExpr -> AddExpr - MulExpr .)
    IF              reduce using rule 103 (AddExpr -> AddExpr - MulExpr .)
    DO              reduce using rule 103 (AddExpr -> AddExpr - MulExpr .)
    GOTO            reduce using rule 103 (AddExpr -> AddExpr - MulExpr .)
    CONTINUE        reduce using rule 103 (AddExpr -> AddExpr - MulExpr .)
    STOP            reduce using rule 103 (AddExpr -> AddExpr - MulExpr .)
    READ            reduce using rule 103 (AddExpr -> AddExpr - MulExpr .)
    PRINT           reduce using rule 103 (AddExpr -> AddExpr - MulExpr .)
    RETURN          reduce using rule 103 (AddExpr -> AddExpr - MulExpr .)
    CALL            reduce using rule 103 (AddExpr -> AddExpr - MulExpr .)
    ID              reduce using rule 103 (AddExpr -> AddExpr - MulExpr .)
    END             reduce using rule 103 (AddExpr -> AddExpr - MulExpr .)
    ENDIF           reduce using rule 103 (AddExpr -> AddExpr - MulExpr .)
    ELSE            reduce using rule 103 (AddExpr -> AddExpr - MulExpr .)
    TIMES           shift and go to state 119
    /               shift and go to state 120


state 148

    (105) MulExpr -> MulExpr TIMES PowExpr .

    TIMES           reduce using rule 105 (MulExpr -> MulExpr TIMES PowExpr .)
    /               reduce using rule 105 (MulExpr -> MulExpr TIMES PowExpr .)
    +               reduce using rule 105 (MulExpr -> MulExpr TIMES PowExpr .)
    -               reduce using rule 105 (MulExpr -> MulExpr TIMES PowExpr .)
    LT              reduce using rule 105 (MulExpr -> MulExpr TIMES PowExpr .)
    LE              reduce using rule 105 (MulExpr -> MulExpr TIMES PowExpr .)
    EQ              reduce using rule 105 (MulExpr -> MulExpr TIMES PowExpr .)
    NE              reduce using rule 105 (MulExpr -> MulExpr TIMES PowExpr .)
    GT              reduce using rule 105 (MulExpr -> MulExpr TIMES PowExpr .)
    GE              reduce using rule 105 (MulExpr -> MulExpr TIMES PowExpr .)
    AND             reduce using rule 105 (MulExpr -> MulExpr TIMES PowExpr .)
    OR              reduce using rule 105 (MulExpr -> MulExpr TIMES PowExpr .)
    ,               reduce using rule 105 (MulExpr -> MulExpr TIMES PowExpr .)
    )               reduce using rule 105 (MulExpr -> MulExpr TIMES PowExpr .)
    LABEL           reduce using rule 105 (MulExpr -> MulExpr TIMES PowExpr .)
    IF              reduce using rule 105 (MulExpr -> MulExpr TIMES PowExpr .)
    DO              reduce using rule 105 (MulExpr -> MulExpr TIMES PowExpr .)
    GOTO            reduce using rule 105 (MulExpr -> MulExpr TIMES PowExpr .)
    CONTINUE        reduce using rule 105 (MulExpr -> MulExpr TIMES PowExpr .)
    STOP            reduce using rule 105 (MulExpr -> MulExpr TIMES PowExpr .)
    READ            reduce using rule 105 (MulExpr -> MulExpr TIMES PowExpr .)
    PRINT           reduce using rule 105 (MulExpr -> MulExpr TIMES PowExpr .)
    RETURN          reduce using rule 105 (MulExpr -> MulExpr TIMES PowExpr .)
    CALL            reduce using rule 105 (MulExpr -> MulExpr TIMES PowExpr .)
    ID              reduce using rule 105 (MulExpr -> MulExpr TIMES PowExpr .)
    END             reduce using rule 105 (MulExpr -> MulExpr TIMES PowExpr .)
    ENDIF           reduce using rule 105 (MulExpr -> MulExpr TIMES PowExpr .)
    ELSE            reduce using rule 105 (MulExpr -> MulExpr TIMES PowExpr .)


state 149

    (106) MulExpr -> MulExpr / PowExpr .

    TIMES           reduce using rule 106 (MulExpr -> MulExpr / PowExpr .)
    /               reduce using rule 106 (MulExpr -> MulExpr / PowExpr .)
    +               reduce using rule 106 (MulExpr -> MulExpr / PowExpr .)
    -               reduce using rule 106 (MulExpr -> MulExpr / PowExpr .)
    LT              reduce using rule 106 (MulExpr -> MulExpr / PowExpr .)
    LE              reduce using rule 106 (MulExpr -> MulExpr / PowExpr .)
    EQ              reduce using rule 106 (MulExpr -> MulExpr / PowExpr .)
    NE              reduce using rule 106 (MulExpr -> MulExpr / PowExpr .)
    GT              reduce using rule 106 (MulExpr -> MulExpr / PowExpr .)
    GE              reduce using rule 106 (MulExpr -> MulExpr / PowExpr .)
    AND             reduce using rule 106 (MulExpr -> MulExpr / PowExpr .)
    OR              reduce using rule 106 (MulExpr -> MulExpr / PowExpr .)
    ,               reduce using rule 106 (MulExpr -> MulExpr / PowExpr .)
    )               reduce using rule 106 (MulExpr -> MulExpr / PowExpr .)
    LABEL           reduce using rule 106 (MulExpr -> MulExpr / PowExpr .)
    IF              reduce using rule 106 (MulExpr -> MulExpr / PowExpr .)
    DO              reduce using rule 106 (MulExpr -> MulExpr / PowExpr .)
    GOTO            reduce using rule 106 (MulExpr -> MulExpr / PowExpr .)
    CONTINUE        reduce using rule 106 (MulExpr -> MulExpr / PowExpr .)
    STOP            reduce using rule 106 (MulExpr -> MulExpr / PowExpr .)
    READ            reduce using rule 106 (MulExpr -> MulExpr / PowExpr .)
    PRINT           reduce using rule 106 (MulExpr -> MulExpr / PowExpr .)
    RETURN          reduce using rule 106 (MulExpr -> MulExpr / PowExpr .)
    CALL            reduce using rule 106 (MulExpr -> MulExpr / PowExpr .)
    ID              reduce using rule 106 (MulExpr -> MulExpr / PowExpr .)
    END             reduce using rule 106 (MulExpr -> MulExpr / PowExpr .)
    ENDIF           reduce using rule 106 (MulExpr -> MulExpr / PowExpr .)
    ELSE            reduce using rule 106 (MulExpr -> MulExpr / PowExpr .)


state 150

    (108) PowExpr -> Primary POWER PowExpr .

    TIMES           reduce using rule 108 (PowExpr -> Primary POWER PowExpr .)
    /               reduce using rule 108 (PowExpr -> Primary POWER PowExpr .)
    +               reduce using rule 108 (PowExpr -> Primary POWER PowExpr .)
    -               reduce using rule 108 (PowExpr -> Primary POWER PowExpr .)
    LT              reduce using rule 108 (PowExpr -> Primary POWER PowExpr .)
    LE              reduce using rule 108 (PowExpr -> Primary POWER PowExpr .)
    EQ              reduce using rule 108 (PowExpr -> Primary POWER PowExpr .)
    NE              reduce using rule 108 (PowExpr -> Primary POWER PowExpr .)
    GT              reduce using rule 108 (PowExpr -> Primary POWER PowExpr .)
    GE              reduce using rule 108 (PowExpr -> Primary POWER PowExpr .)
    AND             reduce using rule 108 (PowExpr -> Primary POWER PowExpr .)
    OR              reduce using rule 108 (PowExpr -> Primary POWER PowExpr .)
    ,               reduce using rule 108 (PowExpr -> Primary POWER PowExpr .)
    )               reduce using rule 108 (PowExpr -> Primary POWER PowExpr .)
    LABEL           reduce using rule 108 (PowExpr -> Primary POWER PowExpr .)
    IF              reduce using rule 108 (PowExpr -> Primary POWER PowExpr .)
    DO              reduce using rule 108 (PowExpr -> Primary POWER PowExpr .)
    GOTO            reduce using rule 108 (PowExpr -> Primary POWER PowExpr .)
    CONTINUE        reduce using rule 108 (PowExpr -> Primary POWER PowExpr .)
    STOP            reduce using rule 108 (PowExpr -> Primary POWER PowExpr .)
    READ            reduce using rule 108 (PowExpr -> Primary POWER PowExpr .)
    PRINT           reduce using rule 108 (PowExpr -> Primary POWER PowExpr .)
    RETURN          reduce using rule 108 (PowExpr -> Primary POWER PowExpr .)
    CALL            reduce using rule 108 (PowExpr -> Primary POWER PowExpr .)
    ID              reduce using rule 108 (PowExpr -> Primary POWER PowExpr .)
    END             reduce using rule 108 (PowExpr -> Primary POWER PowExpr .)
    ENDIF           reduce using rule 108 (PowExpr -> Primary POWER PowExpr .)
    ELSE            reduce using rule 108 (PowExpr -> Primary POWER PowExpr .)


state 151

    (38) Declarator -> ID ( INT_CONST ) .

    ,               reduce using rule 38 (Declarator -> ID ( INT_CONST ) .)
    INTEGER         reduce using rule 38 (Declarator -> ID ( INT_CONST ) .)
    REAL            reduce using rule 38 (Declarator -> ID ( INT_CONST ) .)
    LOGICAL         reduce using rule 38 (Declarator -> ID ( INT_CONST ) .)
    LABEL           reduce using rule 38 (Declarator -> ID ( INT_CONST ) .)
    IF              reduce using rule 38 (Declarator -> ID ( INT_CONST ) .)
    DO              reduce using rule 38 (Declarator -> ID ( INT_CONST ) .)
    GOTO            reduce using rule 38 (Declarator -> ID ( INT_CONST ) .)
    CONTINUE        reduce using rule 38 (Declarator -> ID ( INT_CONST ) .)
    STOP            reduce using rule 38 (Declarator -> ID ( INT_CONST ) .)
    READ            reduce using rule 38 (Declarator -> ID ( INT_CONST ) .)
    PRINT           reduce using rule 38 (Declarator -> ID ( INT_CONST ) .)
    RETURN          reduce using rule 38 (Declarator -> ID ( INT_CONST ) .)
    CALL            reduce using rule 38 (Declarator -> ID ( INT_CONST ) .)
    ID              reduce using rule 38 (Declarator -> ID ( INT_CONST ) .)


state 152

    (44) IfStmt -> IF ( Expr ) THEN . ThenBlock ENDIF
    (45) IfStmt -> IF ( Expr ) THEN . ThenBlock ELSE ElseBlock ENDIF
    (46) ThenBlock -> . ExecutableStmt
    (47) ThenBlock -> . ThenBlock ExecutableStmt
    (18) ExecutableStmt -> . LabeledExecutableStmt
    (19) ExecutableStmt -> . UnlabeledExecutableStmt
    (20) LabeledExecutableStmt -> . LABEL UnlabeledExecutableStmt
    (21) UnlabeledExecutableStmt -> . AssignmentStmt
    (22) UnlabeledExecutableStmt -> . IfStmt
    (23) UnlabeledExecutableStmt -> . DoStmt
    (24) UnlabeledExecutableStmt -> . GotoStmt
    (25) UnlabeledExecutableStmt -> . ContinueStmt
    (26) UnlabeledExecutableStmt -> . StopStmt
    (27) UnlabeledExecutableStmt -> . ReadStmt
    (28) UnlabeledExecutableStmt -> . PrintStmt
    (29) UnlabeledExecutableStmt -> . ReturnStmt
    (30) UnlabeledExecutableStmt -> . CallStmt
    (43) AssignmentStmt -> . Designator = Expr
    (44) IfStmt -> . IF ( Expr ) THEN ThenBlock ENDIF
    (45) IfStmt -> . IF ( Expr ) THEN ThenBlock ELSE ElseBlock ENDIF
    (50) DoStmt -> . DO INT_CONST ID = Expr , Expr DoRangeTail DoBody
    (67) GotoStmt -> . GOTO INT_CONST
    (68) ContinueStmt -> . CONTINUE
    (69) StopStmt -> . STOP
    (72) ReadStmt -> . READ TIMES , ReadList
    (76) PrintStmt -> . PRINT TIMES , PrintList
    (70) ReturnStmt -> . RETURN
    (71) CallStmt -> . CALL ID ( OptArgList )
    (80) Designator -> . ID
    (81) Designator -> . ID ( OptArgList )

    LABEL           shift and go to state 26
    IF              shift and go to state 38
    DO              shift and go to state 39
    GOTO            shift and go to state 40
    CONTINUE        shift and go to state 41
    STOP            shift and go to state 42
    READ            shift and go to state 43
    PRINT           shift and go to state 44
    RETURN          shift and go to state 45
    CALL            shift and go to state 46
    ID              shift and go to state 17

    ThenBlock                      shift and go to state 160
    ExecutableStmt                 shift and go to state 161
    LabeledExecutableStmt          shift and go to state 24
    UnlabeledExecutableStmt        shift and go to state 25
    AssignmentStmt                 shift and go to state 27
    IfStmt                         shift and go to state 28
    DoStmt                         shift and go to state 29
    GotoStmt                       shift and go to state 30
    ContinueStmt                   shift and go to state 31
    StopStmt                       shift and go to state 32
    ReadStmt                       shift and go to state 33
    PrintStmt                      shift and go to state 34
    ReturnStmt                     shift and go to state 35
    CallStmt                       shift and go to state 36
    Designator                     shift and go to state 37

state 153

    (50) DoStmt -> DO INT_CONST ID = Expr . , Expr DoRangeTail DoBody

    ,               shift and go to state 162


state 154

    (74) ReadList -> ReadList , . ReadItem
    (75) ReadItem -> . Designator
    (80) Designator -> . ID
    (81) Designator -> . ID ( OptArgList )

    ID              shift and go to state 17

    ReadItem                       shift and go to state 163
    Designator                     shift and go to state 131

state 155

    (78) PrintList -> PrintList , . PrintItem
    (79) PrintItem -> . Expr
    (86) Expr -> . OrExpr
    (87) OrExpr -> . AndExpr
    (88) OrExpr -> . OrExpr OR AndExpr
    (89) AndExpr -> . NotExpr
    (90) AndExpr -> . AndExpr AND NotExpr
    (91) NotExpr -> . RelExpr
    (92) NotExpr -> . NOT NotExpr
    (93) RelExpr -> . AddExpr
    (94) RelExpr -> . AddExpr RelOp AddExpr
    (101) AddExpr -> . MulExpr
    (102) AddExpr -> . AddExpr + MulExpr
    (103) AddExpr -> . AddExpr - MulExpr
    (104) MulExpr -> . PowExpr
    (105) MulExpr -> . MulExpr TIMES PowExpr
    (106) MulExpr -> . MulExpr / PowExpr
    (107) PowExpr -> . UnaryExpr
    (108) PowExpr -> . Primary POWER PowExpr
    (109) UnaryExpr -> . Primary
    (110) UnaryExpr -> . + UnaryExpr
    (111) UnaryExpr -> . - UnaryExpr
    (112) Primary -> . INT_CONST
    (113) Primary -> . REAL_CONST
    (114) Primary -> . TRUE
    (115) Primary -> . FALSE
    (116) Primary -> . STRING_CONST
    (117) Primary -> . Designator
    (118) Primary -> . ( Expr )
    (80) Designator -> . ID
    (81) Designator -> . ID ( OptArgList )

    NOT             shift and go to state 79
    +               shift and go to state 82
    -               shift and go to state 83
    INT_CONST       shift and go to state 87
    REAL_CONST      shift and go to state 88
    TRUE            shift and go to state 89
    FALSE           shift and go to state 90
    STRING_CONST    shift and go to state 91
    (               shift and go to state 70
    ID              shift and go to state 17

    PrintItem                      shift and go to state 164
    Expr                           shift and go to state 134
    OrExpr                         shift and go to state 75
    AndExpr                        shift and go to state 76
    NotExpr                        shift and go to state 77
    RelExpr                        shift and go to state 78
    AddExpr                        shift and go to state 80
    MulExpr                        shift and go to state 81
    PowExpr                        shift and go to state 84
    UnaryExpr                      shift and go to state 85
    Primary                        shift and go to state 86
    Designator                     shift and go to state 92

state 156

    (71) CallStmt -> CALL ID ( OptArgList ) .

    LABEL           reduce using rule 71 (CallStmt -> CALL ID ( OptArgList ) .)
    IF              reduce using rule 71 (CallStmt -> CALL ID ( OptArgList ) .)
    DO              reduce using rule 71 (CallStmt -> CALL ID ( OptArgList ) .)
    GOTO            reduce using rule 71 (CallStmt -> CALL ID ( OptArgList ) .)
    CONTINUE        reduce using rule 71 (CallStmt -> CALL ID ( OptArgList ) .)
    STOP            reduce using rule 71 (CallStmt -> CALL ID ( OptArgList ) .)
    READ            reduce using rule 71 (CallStmt -> CALL ID ( OptArgList ) .)
    PRINT           reduce using rule 71 (CallStmt -> CALL ID ( OptArgList ) .)
    RETURN          reduce using rule 71 (CallStmt -> CALL ID ( OptArgList ) .)
    CALL            reduce using rule 71 (CallStmt -> CALL ID ( OptArgList ) .)
    ID              reduce using rule 71 (CallStmt -> CALL ID ( OptArgList ) .)
    END             reduce using rule 71 (CallStmt -> CALL ID ( OptArgList ) .)
    ENDIF           reduce using rule 71 (CallStmt -> CALL ID ( OptArgList ) .)
    ELSE            reduce using rule 71 (CallStmt -> CALL ID ( OptArgList ) .)


state 157

    (8) FunctionSubprogram -> TypeSpec FUNCTION ID ( OptParamList ) SubprogramBody . END

    END             shift and go to state 165


state 158

    (9) SubroutineSubprogram -> SUBROUTINE ID ( OptParamList ) SubprogramBody END .

    PROGRAM         reduce using rule 9 (SubroutineSubprogram -> SUBROUTINE ID ( OptParamList ) SubprogramBody END .)
    SUBROUTINE      reduce using rule 9 (SubroutineSubprogram -> SUBROUTINE ID ( OptParamList ) SubprogramBody END .)
    INTEGER         reduce using rule 9 (SubroutineSubprogram -> SUBROUTINE ID ( OptParamList ) SubprogramBody END .)
    REAL            reduce using rule 9 (SubroutineSubprogram -> SUBROUTINE ID ( OptParamList ) SubprogramBody END .)
    LOGICAL         reduce using rule 9 (SubroutineSubprogram -> SUBROUTINE ID ( OptParamList ) SubprogramBody END .)
    $end            reduce using rule 9 (SubroutineSubprogram -> SUBROUTINE ID ( OptParamList ) SubprogramBody END .)


state 159

    (12) SubprogramBody -> DeclPart ExecPart .
    (17) ExecPart -> ExecPart . ExecutableStmt
    (18) ExecutableStmt -> . LabeledExecutableStmt
    (19) ExecutableStmt -> . UnlabeledExecutableStmt
    (20) LabeledExecutableStmt -> . LABEL UnlabeledExecutableStmt
    (21) UnlabeledExecutableStmt -> . AssignmentStmt
    (22) UnlabeledExecutableStmt -> . IfStmt
    (23) UnlabeledExecutableStmt -> . DoStmt
    (24) UnlabeledExecutableStmt -> . GotoStmt
    (25) UnlabeledExecutableStmt -> . ContinueStmt
    (26) UnlabeledExecutableStmt -> . StopStmt
    (27) UnlabeledExecutableStmt -> . ReadStmt
    (28) UnlabeledExecutableStmt -> . PrintStmt
    (29) UnlabeledExecutableStmt -> . ReturnStmt
    (30) UnlabeledExecutableStmt -> . CallStmt
    (43) AssignmentStmt -> . Designator = Expr
    (44) IfStmt -> . IF ( Expr ) THEN ThenBlock ENDIF
    (45) IfStmt -> . IF ( Expr ) THEN ThenBlock ELSE ElseBlock ENDIF
    (50) DoStmt -> . DO INT_CONST ID = Expr , Expr DoRangeTail DoBody
    (67) GotoStmt -> . GOTO INT_CONST
    (68) ContinueStmt -> . CONTINUE
    (69) StopStmt -> . STOP
    (72) ReadStmt -> . READ TIMES , ReadList
    (76) PrintStmt -> . PRINT TIMES , PrintList
    (70) ReturnStmt -> . RETURN
    (71) CallStmt -> . CALL ID ( OptArgList )
    (80) Designator -> . ID
    (81) Designator -> . ID ( OptArgList )

    END             reduce using rule 12 (SubprogramBody -> DeclPart ExecPart .)
    LABEL           shift and go to state 26
    IF              shift and go to state 38
    DO              shift and go to state 39
    GOTO            shift and go to state 40
    CONTINUE        shift and go to state 41
    STOP            shift and go to state 42
    READ            shift and go to state 43
    PRINT           shift and go to state 44
    RETURN          shift and go to state 45
    CALL            shift and go to state 46
    ID              shift and go to state 17

    ExecutableStmt                 shift and go to state 53
    LabeledExecutableStmt          shift and go to state 24
    UnlabeledExecutableStmt        shift and go to state 25
    AssignmentStmt                 shift and go to state 27
    IfStmt                         shift and go to state 28
    DoStmt                         shift and go to state 29
    GotoStmt                       shift and go to state 30
    ContinueStmt                   shift and go to state 31
    StopStmt                       shift and go to state 32
    ReadStmt                       shift and go to state 33
    PrintStmt                      shift and go to state 34
    ReturnStmt                     shift and go to state 35
    CallStmt                       shift and go to state 36
    Designator                     shift and go to state 37

state 160

    (44) IfStmt -> IF ( Expr ) THEN ThenBlock . ENDIF
    (45) IfStmt -> IF ( Expr ) THEN ThenBlock . ELSE ElseBlock ENDIF
    (47) ThenBlock -> ThenBlock . ExecutableStmt
    (18) ExecutableStmt -> . LabeledExecutableStmt
    (19) ExecutableStmt -> . UnlabeledExecutableStmt
    (20) LabeledExecutableStmt -> . LABEL UnlabeledExecutableStmt
    (21) UnlabeledExecutableStmt -> . AssignmentStmt
    (22) UnlabeledExecutableStmt -> . IfStmt
    (23) UnlabeledExecutableStmt -> . DoStmt
    (24) UnlabeledExecutableStmt -> . GotoStmt
    (25) UnlabeledExecutableStmt -> . ContinueStmt
    (26) UnlabeledExecutableStmt -> . StopStmt
    (27) UnlabeledExecutableStmt -> . ReadStmt
    (28) UnlabeledExecutableStmt -> . PrintStmt
    (29) UnlabeledExecutableStmt -> . ReturnStmt
    (30) UnlabeledExecutableStmt -> . CallStmt
    (43) AssignmentStmt -> . Designator = Expr
    (44) IfStmt -> . IF ( Expr ) THEN ThenBlock ENDIF
    (45) IfStmt -> . IF ( Expr ) THEN ThenBlock ELSE ElseBlock ENDIF
    (50) DoStmt -> . DO INT_CONST ID = Expr , Expr DoRangeTail DoBody
    (67) GotoStmt -> . GOTO INT_CONST
    (68) ContinueStmt -> . CONTINUE
    (69) StopStmt -> . STOP
    (72) ReadStmt -> . READ TIMES , ReadList
    (76) PrintStmt -> . PRINT TIMES , PrintList
    (70) ReturnStmt -> . RETURN
    (71) CallStmt -> . CALL ID ( OptArgList )
    (80) Designator -> . ID
    (81) Designator -> . ID ( OptArgList )

    ENDIF           shift and go to state 166
    ELSE            shift and go to state 167
    LABEL           shift and go to state 26
    IF              shift and go to state 38
    DO              shift and go to state 39
    GOTO            shift and go to state 40
    CONTINUE        shift and go to state 41
    STOP            shift and go to state 42
    READ            shift and go to state 43
    PRINT           shift and go to state 44
    RETURN          shift and go to state 45
    CALL            shift and go to state 46
    ID              shift and go to state 17

    ExecutableStmt                 shift and go to state 168
    LabeledExecutableStmt          shift and go to state 24
    UnlabeledExecutableStmt        shift and go to state 25
    AssignmentStmt                 shift and go to state 27
    IfStmt                         shift and go to state 28
    DoStmt                         shift and go to state 29
    GotoStmt                       shift and go to state 30
    ContinueStmt                   shift and go to state 31
    StopStmt                       shift and go to state 32
    ReadStmt                       shift and go to state 33
    PrintStmt                      shift and go to state 34
    ReturnStmt                     shift and go to state 35
    CallStmt                       shift and go to state 36
    Designator                     shift and go to state 37

state 161

    (46) ThenBlock -> ExecutableStmt .

    ENDIF           reduce using rule 46 (ThenBlock -> ExecutableStmt .)
    ELSE            reduce using rule 46 (ThenBlock -> ExecutableStmt .)
    LABEL           reduce using rule 46 (ThenBlock -> ExecutableStmt .)
    IF              reduce using rule 46 (ThenBlock -> ExecutableStmt .)
    DO              reduce using rule 46 (ThenBlock -> ExecutableStmt .)
    GOTO            reduce using rule 46 (ThenBlock -> ExecutableStmt .)
    CONTINUE        reduce using rule 46 (ThenBlock -> ExecutableStmt .)
    STOP            reduce using rule 46 (ThenBlock -> ExecutableStmt .)
    READ            reduce using rule 46 (ThenBlock -> ExecutableStmt .)
    PRINT           reduce using rule 46 (ThenBlock -> ExecutableStmt .)
    RETURN          reduce using rule 46 (ThenBlock -> ExecutableStmt .)
    CALL            reduce using rule 46 (ThenBlock -> ExecutableStmt .)
    ID              reduce using rule 46 (ThenBlock -> ExecutableStmt .)


state 162

    (50) DoStmt -> DO INT_CONST ID = Expr , . Expr DoRangeTail DoBody
    (86) Expr -> . OrExpr
    (87) OrExpr -> . AndExpr
    (88) OrExpr -> . OrExpr OR AndExpr
    (89) AndExpr -> . NotExpr
    (90) AndExpr -> . AndExpr AND NotExpr
    (91) NotExpr -> . RelExpr
    (92) NotExpr -> . NOT NotExpr
    (93) RelExpr -> . AddExpr
    (94) RelExpr -> . AddExpr RelOp AddExpr
    (101) AddExpr -> . MulExpr
    (102) AddExpr -> . AddExpr + MulExpr
    (103) AddExpr -> . AddExpr - MulExpr
    (104) MulExpr -> . PowExpr
    (105) MulExpr -> . MulExpr TIMES PowExpr
    (106) MulExpr -> . MulExpr / PowExpr
    (107) PowExpr -> . UnaryExpr
    (108) PowExpr -> . Primary POWER PowExpr
    (109) UnaryExpr -> . Primary
    (110) UnaryExpr -> . + UnaryExpr
    (111) UnaryExpr -> . - UnaryExpr
    (112) Primary -> . INT_CONST
    (113) Primary -> . REAL_CONST
    (114) Primary -> . TRUE
    (115) Primary -> . FALSE
    (116) Primary -> . STRING_CONST
    (117) Primary -> . Designator
    (118) Primary -> . ( Expr )
    (80) Designator -> . ID
    (81) Designator -> . ID ( OptArgList )

    NOT             shift and go to state 79
    +               shift and go to state 82
    -               shift and go to state 83
    INT_CONST       shift and go to state 87
    REAL_CONST      shift and go to state 88
    TRUE            shift and go to state 89
    FALSE           shift and go to state 90
    STRING_CONST    shift and go to state 91
    (               shift and go to state 70
    ID              shift and go to state 17

    Expr                           shift and go to state 169
    OrExpr                         shift and go to state 75
    AndExpr                        shift and go to state 76
    NotExpr                        shift and go to state 77
    RelExpr                        shift and go to state 78
    AddExpr                        shift and go to state 80
    MulExpr                        shift and go to state 81
    PowExpr                        shift and go to state 84
    UnaryExpr                      shift and go to state 85
    Primary                        shift and go to state 86
    Designator                     shift and go to state 92

state 163

    (74) ReadList -> ReadList , ReadItem .

    ,               reduce using rule 74 (ReadList -> ReadList , ReadItem .)
    LABEL           reduce using rule 74 (ReadList -> ReadList , ReadItem .)
    IF              reduce using rule 74 (ReadList -> ReadList , ReadItem .)
    DO              reduce using rule 74 (ReadList -> ReadList , ReadItem .)
    GOTO            reduce using rule 74 (ReadList -> ReadList , ReadItem .)
    CONTINUE        reduce using rule 74 (ReadList -> ReadList , ReadItem .)
    STOP            reduce using rule 74 (ReadList -> ReadList , ReadItem .)
    READ            reduce using rule 74 (ReadList -> ReadList , ReadItem .)
    PRINT           reduce using rule 74 (ReadList -> ReadList , ReadItem .)
    RETURN          reduce using rule 74 (ReadList -> ReadList , ReadItem .)
    CALL            reduce using rule 74 (ReadList -> ReadList , ReadItem .)
    ID              reduce using rule 74 (ReadList -> ReadList , ReadItem .)
    END             reduce using rule 74 (ReadList -> ReadList , ReadItem .)
    ENDIF           reduce using rule 74 (ReadList -> ReadList , ReadItem .)
    ELSE            reduce using rule 74 (ReadList -> ReadList , ReadItem .)


state 164

    (78) PrintList -> PrintList , PrintItem .

    ,               reduce using rule 78 (PrintList -> PrintList , PrintItem .)
    LABEL           reduce using rule 78 (PrintList -> PrintList , PrintItem .)
    IF              reduce using rule 78 (PrintList -> PrintList , PrintItem .)
    DO              reduce using rule 78 (PrintList -> PrintList , PrintItem .)
    GOTO            reduce using rule 78 (PrintList -> PrintList , PrintItem .)
    CONTINUE        reduce using rule 78 (PrintList -> PrintList , PrintItem .)
    STOP            reduce using rule 78 (PrintList -> PrintList , PrintItem .)
    READ            reduce using rule 78 (PrintList -> PrintList , PrintItem .)
    PRINT           reduce using rule 78 (PrintList -> PrintList , PrintItem .)
    RETURN          reduce using rule 78 (PrintList -> PrintList , PrintItem .)
    CALL            reduce using rule 78 (PrintList -> PrintList , PrintItem .)
    ID              reduce using rule 78 (PrintList -> PrintList , PrintItem .)
    END             reduce using rule 78 (PrintList -> PrintList , PrintItem .)
    ENDIF           reduce using rule 78 (PrintList -> PrintList , PrintItem .)
    ELSE            reduce using rule 78 (PrintList -> PrintList , PrintItem .)


state 165

    (8) FunctionSubprogram -> TypeSpec FUNCTION ID ( OptParamList ) SubprogramBody END .

    PROGRAM         reduce using rule 8 (FunctionSubprogram -> TypeSpec FUNCTION ID ( OptParamList ) SubprogramBody END .)
    SUBROUTINE      reduce using rule 8 (FunctionSubprogram -> TypeSpec FUNCTION ID ( OptParamList ) SubprogramBody END .)
    INTEGER         reduce using rule 8 (FunctionSubprogram -> TypeSpec FUNCTION ID ( OptParamList ) SubprogramBody END .)
    REAL            reduce using rule 8 (FunctionSubprogram -> TypeSpec FUNCTION ID ( OptParamList ) SubprogramBody END .)
    LOGICAL         reduce using rule 8 (FunctionSubprogram -> TypeSpec FUNCTION ID ( OptParamList ) SubprogramBody END .)
    $end            reduce using rule 8 (FunctionSubprogram -> TypeSpec FUNCTION ID ( OptParamList ) SubprogramBody END .)


state 166

    (44) IfStmt -> IF ( Expr ) THEN ThenBlock ENDIF .

    LABEL           reduce using rule 44 (IfStmt -> IF ( Expr ) THEN ThenBlock ENDIF .)
    IF              reduce using rule 44 (IfStmt -> IF ( Expr ) THEN ThenBlock ENDIF .)
    DO              reduce using rule 44 (IfStmt -> IF ( Expr ) THEN ThenBlock ENDIF .)
    GOTO            reduce using rule 44 (IfStmt -> IF ( Expr ) THEN ThenBlock ENDIF .)
    CONTINUE        reduce using rule 44 (IfStmt -> IF ( Expr ) THEN ThenBlock ENDIF .)
    STOP            reduce using rule 44 (IfStmt -> IF ( Expr ) THEN ThenBlock ENDIF .)
    READ            reduce using rule 44 (IfStmt -> IF ( Expr ) THEN ThenBlock ENDIF .)
    PRINT           reduce using rule 44 (IfStmt -> IF ( Expr ) THEN ThenBlock ENDIF .)
    RETURN          reduce using rule 44 (IfStmt -> IF ( Expr ) THEN ThenBlock ENDIF .)
    CALL            reduce using rule 44 (IfStmt -> IF ( Expr ) THEN ThenBlock ENDIF .)
    ID              reduce using rule 44 (IfStmt -> IF ( Expr ) THEN ThenBlock ENDIF .)
    END             reduce using rule 44 (IfStmt -> IF ( Expr ) THEN ThenBlock ENDIF .)
    ENDIF           reduce using rule 44 (IfStmt -> IF ( Expr ) THEN ThenBlock ENDIF .)
    ELSE            reduce using rule 44 (IfStmt -> IF ( Expr ) THEN ThenBlock ENDIF .)


state 167

    (45) IfStmt -> IF ( Expr ) THEN ThenBlock ELSE . ElseBlock ENDIF
    (48) ElseBlock -> . ExecutableStmt
    (49) ElseBlock -> . ElseBlock ExecutableStmt
    (18) ExecutableStmt -> . LabeledExecutableStmt
    (19) ExecutableStmt -> . UnlabeledExecutableStmt
    (20) LabeledExecutableStmt -> . LABEL UnlabeledExecutableStmt
    (21) UnlabeledExecutableStmt -> . AssignmentStmt
    (22) UnlabeledExecutableStmt -> . IfStmt
    (23) UnlabeledExecutableStmt -> . DoStmt
    (24) UnlabeledExecutableStmt -> . GotoStmt
    (25) UnlabeledExecutableStmt -> . ContinueStmt
    (26) UnlabeledExecutableStmt -> . StopStmt
    (27) UnlabeledExecutableStmt -> . ReadStmt
    (28) UnlabeledExecutableStmt -> . PrintStmt
    (29) UnlabeledExecutableStmt -> . ReturnStmt
    (30) UnlabeledExecutableStmt -> . CallStmt
    (43) AssignmentStmt -> . Designator = Expr
    (44) IfStmt -> . IF ( Expr ) THEN ThenBlock ENDIF
    (45) IfStmt -> . IF ( Expr ) THEN ThenBlock ELSE ElseBlock ENDIF
    (50) DoStmt -> . DO INT_CONST ID = Expr , Expr DoRangeTail DoBody
    (67) GotoStmt -> . GOTO INT_CONST
    (68) ContinueStmt -> . CONTINUE
    (69) StopStmt -> . STOP
    (72) ReadStmt -> . READ TIMES , ReadList
    (76) PrintStmt -> . PRINT TIMES , PrintList
    (70) ReturnStmt -> . RETURN
    (71) CallStmt -> . CALL ID ( OptArgList )
    (80) Designator -> . ID
    (81) Designator -> . ID ( OptArgList )

    LABEL           shift and go to state 26
    IF              shift and go to state 38
    DO              shift and go to state 39
    GOTO            shift and go to state 40
    CONTINUE        shift and go to state 41
    STOP            shift and go to state 42
    READ            shift and go to state 43
    PRINT           shift and go to state 44
    RETURN          shift and go to state 45
    CALL            shift and go to state 46
    ID              shift and go to state 17

    ElseBlock                      shift and go to state 170
    ExecutableStmt                 shift and go to state 171
    LabeledExecutableStmt          shift and go to state 24
    UnlabeledExecutableStmt        shift and go to state 25
    AssignmentStmt                 shift and go to state 27
    IfStmt                         shift and go to state 28
    DoStmt                         shift and go to state 29
    GotoStmt                       shift and go to state 30
    ContinueStmt                   shift and go to state 31
    StopStmt                       shift and go to state 32
    ReadStmt                       shift and go to state 33
    PrintStmt                      shift and go to state 34
    ReturnStmt                     shift and go to state 35
    CallStmt                       shift and go to state 36
    Designator                     shift and go to state 37

state 168

    (47) ThenBlock -> ThenBlock ExecutableStmt .

    ENDIF           reduce using rule 47 (ThenBlock -> ThenBlock ExecutableStmt .)
    ELSE            reduce using rule 47 (ThenBlock -> ThenBlock ExecutableStmt .)
    LABEL           reduce using rule 47 (ThenBlock -> ThenBlock ExecutableStmt .)
    IF              reduce using rule 47 (ThenBlock -> ThenBlock ExecutableStmt .)
    DO              reduce using rule 47 (ThenBlock -> ThenBlock ExecutableStmt .)
    GOTO            reduce using rule 47 (ThenBlock -> ThenBlock ExecutableStmt .)
    CONTINUE        reduce using rule 47 (ThenBlock -> ThenBlock ExecutableStmt .)
    STOP            reduce using rule 47 (ThenBlock -> ThenBlock ExecutableStmt .)
    READ            reduce using rule 47 (ThenBlock -> ThenBlock ExecutableStmt .)
    PRINT           reduce using rule 47 (ThenBlock -> ThenBlock ExecutableStmt .)
    RETURN          reduce using rule 47 (ThenBlock -> ThenBlock ExecutableStmt .)
    CALL            reduce using rule 47 (ThenBlock -> ThenBlock ExecutableStmt .)
    ID              reduce using rule 47 (ThenBlock -> ThenBlock ExecutableStmt .)


state 169

    (50) DoStmt -> DO INT_CONST ID = Expr , Expr . DoRangeTail DoBody
    (51) DoRangeTail -> . , Expr
    (52) DoRangeTail -> . Empty
    (119) Empty -> .

    ,               shift and go to state 172
    LABEL           reduce using rule 119 (Empty -> .)
    IF              reduce using rule 119 (Empty -> .)
    DO              reduce using rule 119 (Empty -> .)
    GOTO            reduce using rule 119 (Empty -> .)
    CONTINUE        reduce using rule 119 (Empty -> .)
    STOP            reduce using rule 119 (Empty -> .)
    READ            reduce using rule 119 (Empty -> .)
    PRINT           reduce using rule 119 (Empty -> .)
    RETURN          reduce using rule 119 (Empty -> .)
    CALL            reduce using rule 119 (Empty -> .)
    ID              reduce using rule 119 (Empty -> .)

    DoRangeTail                    shift and go to state 173
    Empty                          shift and go to state 174

state 170

    (45) IfStmt -> IF ( Expr ) THEN ThenBlock ELSE ElseBlock . ENDIF
    (49) ElseBlock -> ElseBlock . ExecutableStmt
    (18) ExecutableStmt -> . LabeledExecutableStmt
    (19) ExecutableStmt -> . UnlabeledExecutableStmt
    (20) LabeledExecutableStmt -> . LABEL UnlabeledExecutableStmt
    (21) UnlabeledExecutableStmt -> . AssignmentStmt
    (22) UnlabeledExecutableStmt -> . IfStmt
    (23) UnlabeledExecutableStmt -> . DoStmt
    (24) UnlabeledExecutableStmt -> . GotoStmt
    (25) UnlabeledExecutableStmt -> . ContinueStmt
    (26) UnlabeledExecutableStmt -> . StopStmt
    (27) UnlabeledExecutableStmt -> . ReadStmt
    (28) UnlabeledExecutableStmt -> . PrintStmt
    (29) UnlabeledExecutableStmt -> . ReturnStmt
    (30) UnlabeledExecutableStmt -> . CallStmt
    (43) AssignmentStmt -> . Designator = Expr
    (44) IfStmt -> . IF ( Expr ) THEN ThenBlock ENDIF
    (45) IfStmt -> . IF ( Expr ) THEN ThenBlock ELSE ElseBlock ENDIF
    (50) DoStmt -> . DO INT_CONST ID = Expr , Expr DoRangeTail DoBody
    (67) GotoStmt -> . GOTO INT_CONST
    (68) ContinueStmt -> . CONTINUE
    (69) StopStmt -> . STOP
    (72) ReadStmt -> . READ TIMES , ReadList
    (76) PrintStmt -> . PRINT TIMES , PrintList
    (70) ReturnStmt -> . RETURN
    (71) CallStmt -> . CALL ID ( OptArgList )
    (80) Designator -> . ID
    (81) Designator -> . ID ( OptArgList )

    ENDIF           shift and go to state 175
    LABEL           shift and go to state 26
    IF              shift and go to state 38
    DO              shift and go to state 39
    GOTO            shift and go to state 40
    CONTINUE        shift and go to state 41
    STOP            shift and go to state 42
    READ            shift and go to state 43
    PRINT           shift and go to state 44
    RETURN          shift and go to state 45
    CALL            shift and go to state 46
    ID              shift and go to state 17

    ExecutableStmt                 shift and go to state 176
    LabeledExecutableStmt          shift and go to state 24
    UnlabeledExecutableStmt        shift and go to state 25
    AssignmentStmt                 shift and go to state 27
    IfStmt                         shift and go to state 28
    DoStmt                         shift and go to state 29
    GotoStmt                       shift and go to state 30
    ContinueStmt                   shift and go to state 31
    StopStmt                       shift and go to state 32
    ReadStmt                       shift and go to state 33
    PrintStmt                      shift and go to state 34
    ReturnStmt                     shift and go to state 35
    CallStmt                       shift and go to state 36
    Designator                     shift and go to state 37

state 171

    (48) ElseBlock -> ExecutableStmt .

    ENDIF           reduce using rule 48 (ElseBlock -> ExecutableStmt .)
    LABEL           reduce using rule 48 (ElseBlock -> ExecutableStmt .)
    IF              reduce using rule 48 (ElseBlock -> ExecutableStmt .)
    DO              reduce using rule 48 (ElseBlock -> ExecutableStmt .)
    GOTO            reduce using rule 48 (ElseBlock -> ExecutableStmt .)
    CONTINUE        reduce using rule 48 (ElseBlock -> ExecutableStmt .)
    STOP            reduce using rule 48 (ElseBlock -> ExecutableStmt .)
    READ            reduce using rule 48 (ElseBlock -> ExecutableStmt .)
    PRINT           reduce using rule 48 (ElseBlock -> ExecutableStmt .)
    RETURN          reduce using rule 48 (ElseBlock -> ExecutableStmt .)
    CALL            reduce using rule 48 (ElseBlock -> ExecutableStmt .)
    ID              reduce using rule 48 (ElseBlock -> ExecutableStmt .)


state 172

    (51) DoRangeTail -> , . Expr
    (86) Expr -> . OrExpr
    (87) OrExpr -> . AndExpr
    (88) OrExpr -> . OrExpr OR AndExpr
    (89) AndExpr -> . NotExpr
    (90) AndExpr -> . AndExpr AND NotExpr
    (91) NotExpr -> . RelExpr
    (92) NotExpr -> . NOT NotExpr
    (93) RelExpr -> . AddExpr
    (94) RelExpr -> . AddExpr RelOp AddExpr
    (101) AddExpr -> . MulExpr
    (102) AddExpr -> . AddExpr + MulExpr
    (103) AddExpr -> . AddExpr - MulExpr
    (104) MulExpr -> . PowExpr
    (105) MulExpr -> . MulExpr TIMES PowExpr
    (106) MulExpr -> . MulExpr / PowExpr
    (107) PowExpr -> . UnaryExpr
    (108) PowExpr -> . Primary POWER PowExpr
    (109) UnaryExpr -> . Primary
    (110) UnaryExpr -> . + UnaryExpr
    (111) UnaryExpr -> . - UnaryExpr
    (112) Primary -> . INT_CONST
    (113) Primary -> . REAL_CONST
    (114) Primary -> . TRUE
    (115) Primary -> . FALSE
    (116) Primary -> . STRING_CONST
    (117) Primary -> . Designator
    (118) Primary -> . ( Expr )
    (80) Designator -> . ID
    (81) Designator -> . ID ( OptArgList )

    NOT             shift and go to state 79
    +               shift and go to state 82
    -               shift and go to state 83
    INT_CONST       shift and go to state 87
    REAL_CONST      shift and go to state 88
    TRUE            shift and go to state 89
    FALSE           shift and go to state 90
    STRING_CONST    shift and go to state 91
    (               shift and go to state 70
    ID              shift and go to state 17

    Expr                           shift and go to state 177
    OrExpr                         shift and go to state 75
    AndExpr                        shift and go to state 76
    NotExpr                        shift and go to state 77
    RelExpr                        shift and go to state 78
    AddExpr                        shift and go to state 80
    MulExpr                        shift and go to state 81
    PowExpr                        shift and go to state 84
    UnaryExpr                      shift and go to state 85
    Primary                        shift and go to state 86
    Designator                     shift and go to state 92

state 173

    (50) DoStmt -> DO INT_CONST ID = Expr , Expr DoRangeTail . DoBody
    (53) DoBody -> . LABEL CONTINUE
    (54) DoBody -> . DoInnerBlock LABEL CONTINUE
    (55) DoInnerBlock -> . DoInnerStmt
    (56) DoInnerBlock -> . DoInnerBlock DoInnerStmt
    (57) DoInnerStmt -> . AssignmentStmt
    (58) DoInnerStmt -> . IfStmt
    (59) DoInnerStmt -> . DoStmt
    (60) DoInnerStmt -> . GotoStmt
    (61) DoInnerStmt -> . ContinueStmt
    (62) DoInnerStmt -> . StopStmt
    (63) DoInnerStmt -> . ReadStmt
    (64) DoInnerStmt -> . PrintStmt
    (65) DoInnerStmt -> . ReturnStmt
    (66) DoInnerStmt -> . CallStmt
    (43) AssignmentStmt -> . Designator = Expr
    (44) IfStmt -> . IF ( Expr ) THEN ThenBlock ENDIF
    (45) IfStmt -> . IF ( Expr ) THEN ThenBlock ELSE ElseBlock ENDIF
    (50) DoStmt -> . DO INT_CONST ID = Expr , Expr DoRangeTail DoBody
    (67) GotoStmt -> . GOTO INT_CONST
    (68) ContinueStmt -> . CONTINUE
    (69) StopStmt -> . STOP
    (72) ReadStmt -> . READ TIMES , ReadList
    (76) PrintStmt -> . PRINT TIMES , PrintList
    (70) ReturnStmt -> . RETURN
    (71) CallStmt -> . CALL ID ( OptArgList )
    (80) Designator -> . ID
    (81) Designator -> . ID ( OptArgList )

    LABEL           shift and go to state 179
    IF              shift and go to state 38
    DO              shift and go to state 39
    GOTO            shift and go to state 40
    CONTINUE        shift and go to state 41
    STOP            shift and go to state 42
    READ            shift and go to state 43
    PRINT           shift and go to state 44
    RETURN          shift and go to state 45
    CALL            shift and go to state 46
    ID              shift and go to state 17

    DoBody                         shift and go to state 178
    DoInnerBlock                   shift and go to state 180
    DoInnerStmt                    shift and go to state 181
    AssignmentStmt                 shift and go to state 182
    IfStmt                         shift and go to state 183
    DoStmt                         shift and go to state 184
    GotoStmt                       shift and go to state 185
    ContinueStmt                   shift and go to state 186
    StopStmt                       shift and go to state 187
    ReadStmt                       shift and go to state 188
    PrintStmt                      shift and go to state 189
    ReturnStmt                     shift and go to state 190
    CallStmt                       shift and go to state 191
    Designator                     shift and go to state 37

state 174

    (52) DoRangeTail -> Empty .

    LABEL           reduce using rule 52 (DoRangeTail -> Empty .)
    IF              reduce using rule 52 (DoRangeTail -> Empty .)
    DO              reduce using rule 52 (DoRangeTail -> Empty .)
    GOTO            reduce using rule 52 (DoRangeTail -> Empty .)
    CONTINUE        reduce using rule 52 (DoRangeTail -> Empty .)
    STOP            reduce using rule 52 (DoRangeTail -> Empty .)
    READ            reduce using rule 52 (DoRangeTail -> Empty .)
    PRINT           reduce using rule 52 (DoRangeTail -> Empty .)
    RETURN          reduce using rule 52 (DoRangeTail -> Empty .)
    CALL            reduce using rule 52 (DoRangeTail -> Empty .)
    ID              reduce using rule 52 (DoRangeTail -> Empty .)


state 175

    (45) IfStmt -> IF ( Expr ) THEN ThenBlock ELSE ElseBlock ENDIF .

    LABEL           reduce using rule 45 (IfStmt -> IF ( Expr ) THEN ThenBlock ELSE ElseBlock ENDIF .)
    IF              reduce using rule 45 (IfStmt -> IF ( Expr ) THEN ThenBlock ELSE ElseBlock ENDIF .)
    DO              reduce using rule 45 (IfStmt -> IF ( Expr ) THEN ThenBlock ELSE ElseBlock ENDIF .)
    GOTO            reduce using rule 45 (IfStmt -> IF ( Expr ) THEN ThenBlock ELSE ElseBlock ENDIF .)
    CONTINUE        reduce using rule 45 (IfStmt -> IF ( Expr ) THEN ThenBlock ELSE ElseBlock ENDIF .)
    STOP            reduce using rule 45 (IfStmt -> IF ( Expr ) THEN ThenBlock ELSE ElseBlock ENDIF .)
    READ            reduce using rule 45 (IfStmt -> IF ( Expr ) THEN ThenBlock ELSE ElseBlock ENDIF .)
    PRINT           reduce using rule 45 (IfStmt -> IF ( Expr ) THEN ThenBlock ELSE ElseBlock ENDIF .)
    RETURN          reduce using rule 45 (IfStmt -> IF ( Expr ) THEN ThenBlock ELSE ElseBlock ENDIF .)
    CALL            reduce using rule 45 (IfStmt -> IF ( Expr ) THEN ThenBlock ELSE ElseBlock ENDIF .)
    ID              reduce using rule 45 (IfStmt -> IF ( Expr ) THEN ThenBlock ELSE ElseBlock ENDIF .)
    END             reduce using rule 45 (IfStmt -> IF ( Expr ) THEN ThenBlock ELSE ElseBlock ENDIF .)
    ENDIF           reduce using rule 45 (IfStmt -> IF ( Expr ) THEN ThenBlock ELSE ElseBlock ENDIF .)
    ELSE            reduce using rule 45 (IfStmt -> IF ( Expr ) THEN ThenBlock ELSE ElseBlock ENDIF .)


state 176

    (49) ElseBlock -> ElseBlock ExecutableStmt .

    ENDIF           reduce using rule 49 (ElseBlock -> ElseBlock ExecutableStmt .)
    LABEL           reduce using rule 49 (ElseBlock -> ElseBlock ExecutableStmt .)
    IF              reduce using rule 49 (ElseBlock -> ElseBlock ExecutableStmt .)
    DO              reduce using rule 49 (ElseBlock -> ElseBlock ExecutableStmt .)
    GOTO            reduce using rule 49 (ElseBlock -> ElseBlock ExecutableStmt .)
    CONTINUE        reduce using rule 49 (ElseBlock -> ElseBlock ExecutableStmt .)
    STOP            reduce using rule 49 (ElseBlock -> ElseBlock ExecutableStmt .)
    READ            reduce using rule 49 (ElseBlock -> ElseBlock ExecutableStmt .)
    PRINT           reduce using rule 49 (ElseBlock -> ElseBlock ExecutableStmt .)
    RETURN          reduce using rule 49 (ElseBlock -> ElseBlock ExecutableStmt .)
    CALL            reduce using rule 49 (ElseBlock -> ElseBlock ExecutableStmt .)
    ID              reduce using rule 49 (ElseBlock -> ElseBlock ExecutableStmt .)


state 177

    (51) DoRangeTail -> , Expr .

    LABEL           reduce using rule 51 (DoRangeTail -> , Expr .)
    IF              reduce using rule 51 (DoRangeTail -> , Expr .)
    DO              reduce using rule 51 (DoRangeTail -> , Expr .)
    GOTO            reduce using rule 51 (DoRangeTail -> , Expr .)
    CONTINUE        reduce using rule 51 (DoRangeTail -> , Expr .)
    STOP            reduce using rule 51 (DoRangeTail -> , Expr .)
    READ            reduce using rule 51 (DoRangeTail -> , Expr .)
    PRINT           reduce using rule 51 (DoRangeTail -> , Expr .)
    RETURN          reduce using rule 51 (DoRangeTail -> , Expr .)
    CALL            reduce using rule 51 (DoRangeTail -> , Expr .)
    ID              reduce using rule 51 (DoRangeTail -> , Expr .)


state 178

    (50) DoStmt -> DO INT_CONST ID = Expr , Expr DoRangeTail DoBody .

    LABEL           reduce using rule 50 (DoStmt -> DO INT_CONST ID = Expr , Expr DoRangeTail DoBody .)
    IF              reduce using rule 50 (DoStmt -> DO INT_CONST ID = Expr , Expr DoRangeTail DoBody .)
    DO              reduce using rule 50 (DoStmt -> DO INT_CONST ID = Expr , Expr DoRangeTail DoBody .)
    GOTO            reduce using rule 50 (DoStmt -> DO INT_CONST ID = Expr , Expr DoRangeTail DoBody .)
    CONTINUE        reduce using rule 50 (DoStmt -> DO INT_CONST ID = Expr , Expr DoRangeTail DoBody .)
    STOP            reduce using rule 50 (DoStmt -> DO INT_CONST ID = Expr , Expr DoRangeTail DoBody .)
    READ            reduce using rule 50 (DoStmt -> DO INT_CONST ID = Expr , Expr DoRangeTail DoBody .)
    PRINT           reduce using rule 50 (DoStmt -> DO INT_CONST ID = Expr , Expr DoRangeTail DoBody .)
    RETURN          reduce using rule 50 (DoStmt -> DO INT_CONST ID = Expr , Expr DoRangeTail DoBody .)
    CALL            reduce using rule 50 (DoStmt -> DO INT_CONST ID = Expr , Expr DoRangeTail DoBody .)
    ID              reduce using rule 50 (DoStmt -> DO INT_CONST ID = Expr , Expr DoRangeTail DoBody .)
    END             reduce using rule 50 (DoStmt -> DO INT_CONST ID = Expr , Expr DoRangeTail DoBody .)
    ENDIF           reduce using rule 50 (DoStmt -> DO INT_CONST ID = Expr , Expr DoRangeTail DoBody .)
    ELSE            reduce using rule 50 (DoStmt -> DO INT_CONST ID = Expr , Expr DoRangeTail DoBody .)


state 179

    (53) DoBody -> LABEL . CONTINUE

    CONTINUE        shift and go to state 192


state 180

    (54) DoBody -> DoInnerBlock . LABEL CONTINUE
    (56) DoInnerBlock -> DoInnerBlock . DoInnerStmt
    (57) DoInnerStmt -> . AssignmentStmt
    (58) DoInnerStmt -> . IfStmt
    (59) DoInnerStmt -> . DoStmt
    (60) DoInnerStmt -> . GotoStmt
    (61) DoInnerStmt -> . ContinueStmt
    (62) DoInnerStmt -> . StopStmt
    (63) DoInnerStmt -> . ReadStmt
    (64) DoInnerStmt -> . PrintStmt
    (65) DoInnerStmt -> . ReturnStmt
    (66) DoInnerStmt -> . CallStmt
    (43) AssignmentStmt -> . Designator = Expr
    (44) IfStmt -> . IF ( Expr ) THEN ThenBlock ENDIF
    (45) IfStmt -> . IF ( Expr ) THEN ThenBlock ELSE ElseBlock ENDIF
    (50) DoStmt -> . DO INT_CONST ID = Expr , Expr DoRangeTail DoBody
    (67) GotoStmt -> . GOTO INT_CONST
    (68) ContinueStmt -> . CONTINUE
    (69) StopStmt -> . STOP
    (72) ReadStmt -> . READ TIMES , ReadList
    (76) PrintStmt -> . PRINT TIMES , PrintList
    (70) ReturnStmt -> . RETURN
    (71) CallStmt -> . CALL ID ( OptArgList )
    (80) Designator -> . ID
    (81) Designator -> . ID ( OptArgList )

    LABEL           shift and go to state 193
    IF              shift and go to state 38
    DO              shift and go to state 39
    GOTO            shift and go to state 40
    CONTINUE        shift and go to state 41
    STOP            shift and go to state 42
    READ            shift and go to state 43
    PRINT           shift and go to state 44
    RETURN          shift and go to state 45
    CALL            shift and go to state 46
    ID              shift and go to state 17

    DoInnerStmt                    shift and go to state 194
    AssignmentStmt                 shift and go to state 182
    IfStmt                         shift and go to state 183
    DoStmt                         shift and go to state 184
    GotoStmt                       shift and go to state 185
    ContinueStmt                   shift and go to state 186
    StopStmt                       shift and go to state 187
    ReadStmt                       shift and go to state 188
    PrintStmt                      shift and go to state 189
    ReturnStmt                     shift and go to state 190
    CallStmt                       shift and go to state 191
    Designator                     shift and go to state 37

state 181

    (55) DoInnerBlock -> DoInnerStmt .

    LABEL           reduce using rule 55 (DoInnerBlock -> DoInnerStmt .)
    IF              reduce using rule 55 (DoInnerBlock -> DoInnerStmt .)
    DO              reduce using rule 55 (DoInnerBlock -> DoInnerStmt .)
    GOTO            reduce using rule 55 (DoInnerBlock -> DoInnerStmt .)
    CONTINUE        reduce using rule 55 (DoInnerBlock -> DoInnerStmt .)
    STOP            reduce using rule 55 (DoInnerBlock -> DoInnerStmt .)
    READ            reduce using rule 55 (DoInnerBlock -> DoInnerStmt .)
    PRINT           reduce using rule 55 (DoInnerBlock -> DoInnerStmt .)
    RETURN          reduce using rule 55 (DoInnerBlock -> DoInnerStmt .)
    CALL            reduce using rule 55 (DoInnerBlock -> DoInnerStmt .)
    ID              reduce using rule 55 (DoInnerBlock -> DoInnerStmt .)


state 182

    (57) DoInnerStmt -> AssignmentStmt .

    LABEL           reduce using rule 57 (DoInnerStmt -> AssignmentStmt .)
    IF              reduce using rule 57 (DoInnerStmt -> AssignmentStmt .)
    DO              reduce using rule 57 (DoInnerStmt -> AssignmentStmt .)
    GOTO            reduce using rule 57 (DoInnerStmt -> AssignmentStmt .)
    CONTINUE        reduce using rule 57 (DoInnerStmt -> AssignmentStmt .)
    STOP            reduce using rule 57 (DoInnerStmt -> AssignmentStmt .)
    READ            reduce using rule 57 (DoInnerStmt -> AssignmentStmt .)
    PRINT           reduce using rule 57 (DoInnerStmt -> AssignmentStmt .)
    RETURN          reduce using rule 57 (DoInnerStmt -> AssignmentStmt .)
    CALL            reduce using rule 57 (DoInnerStmt -> AssignmentStmt .)
    ID              reduce using rule 57 (DoInnerStmt -> AssignmentStmt .)


state 183

    (58) DoInnerStmt -> IfStmt .

    LABEL           reduce using rule 58 (DoInnerStmt -> IfStmt .)
    IF              reduce using rule 58 (DoInnerStmt -> IfStmt .)
    DO              reduce using rule 58 (DoInnerStmt -> IfStmt .)
    GOTO            reduce using rule 58 (DoInnerStmt -> IfStmt .)
    CONTINUE        reduce using rule 58 (DoInnerStmt -> IfStmt .)
    STOP            reduce using rule 58 (DoInnerStmt -> IfStmt .)
    READ            reduce using rule 58 (DoInnerStmt -> IfStmt .)
    PRINT           reduce using rule 58 (DoInnerStmt -> IfStmt .)
    RETURN          reduce using rule 58 (DoInnerStmt -> IfStmt .)
    CALL            reduce using rule 58 (DoInnerStmt -> IfStmt .)
    ID              reduce using rule 58 (DoInnerStmt -> IfStmt .)


state 184

    (59) DoInnerStmt -> DoStmt .

    LABEL           reduce using rule 59 (DoInnerStmt -> DoStmt .)
    IF              reduce using rule 59 (DoInnerStmt -> DoStmt .)
    DO              reduce using rule 59 (DoInnerStmt -> DoStmt .)
    GOTO            reduce using rule 59 (DoInnerStmt -> DoStmt .)
    CONTINUE        reduce using rule 59 (DoInnerStmt -> DoStmt .)
    STOP            reduce using rule 59 (DoInnerStmt -> DoStmt .)
    READ            reduce using rule 59 (DoInnerStmt -> DoStmt .)
    PRINT           reduce using rule 59 (DoInnerStmt -> DoStmt .)
    RETURN          reduce using rule 59 (DoInnerStmt -> DoStmt .)
    CALL            reduce using rule 59 (DoInnerStmt -> DoStmt .)
    ID              reduce using rule 59 (DoInnerStmt -> DoStmt .)


state 185

    (60) DoInnerStmt -> GotoStmt .

    LABEL           reduce using rule 60 (DoInnerStmt -> GotoStmt .)
    IF              reduce using rule 60 (DoInnerStmt -> GotoStmt .)
    DO              reduce using rule 60 (DoInnerStmt -> GotoStmt .)
    GOTO            reduce using rule 60 (DoInnerStmt -> GotoStmt .)
    CONTINUE        reduce using rule 60 (DoInnerStmt -> GotoStmt .)
    STOP            reduce using rule 60 (DoInnerStmt -> GotoStmt .)
    READ            reduce using rule 60 (DoInnerStmt -> GotoStmt .)
    PRINT           reduce using rule 60 (DoInnerStmt -> GotoStmt .)
    RETURN          reduce using rule 60 (DoInnerStmt -> GotoStmt .)
    CALL            reduce using rule 60 (DoInnerStmt -> GotoStmt .)
    ID              reduce using rule 60 (DoInnerStmt -> GotoStmt .)


state 186

    (61) DoInnerStmt -> ContinueStmt .

    LABEL           reduce using rule 61 (DoInnerStmt -> ContinueStmt .)
    IF              reduce using rule 61 (DoInnerStmt -> ContinueStmt .)
    DO              reduce using rule 61 (DoInnerStmt -> ContinueStmt .)
    GOTO            reduce using rule 61 (DoInnerStmt -> ContinueStmt .)
    CONTINUE        reduce using rule 61 (DoInnerStmt -> ContinueStmt .)
    STOP            reduce using rule 61 (DoInnerStmt -> ContinueStmt .)
    READ            reduce using rule 61 (DoInnerStmt -> ContinueStmt .)
    PRINT           reduce using rule 61 (DoInnerStmt -> ContinueStmt .)
    RETURN          reduce using rule 61 (DoInnerStmt -> ContinueStmt .)
    CALL            reduce using rule 61 (DoInnerStmt -> ContinueStmt .)
    ID              reduce using rule 61 (DoInnerStmt -> ContinueStmt .)


state 187

    (62) DoInnerStmt -> StopStmt .

    LABEL           reduce using rule 62 (DoInnerStmt -> StopStmt .)
    IF              reduce using rule 62 (DoInnerStmt -> StopStmt .)
    DO              reduce using rule 62 (DoInnerStmt -> StopStmt .)
    GOTO            reduce using rule 62 (DoInnerStmt -> StopStmt .)
    CONTINUE        reduce using rule 62 (DoInnerStmt -> StopStmt .)
    STOP            reduce using rule 62 (DoInnerStmt -> StopStmt .)
    READ            reduce using rule 62 (DoInnerStmt -> StopStmt .)
    PRINT           reduce using rule 62 (DoInnerStmt -> StopStmt .)
    RETURN          reduce using rule 62 (DoInnerStmt -> StopStmt .)
    CALL            reduce using rule 62 (DoInnerStmt -> StopStmt .)
    ID              reduce using rule 62 (DoInnerStmt -> StopStmt .)


state 188

    (63) DoInnerStmt -> ReadStmt .

    LABEL           reduce using rule 63 (DoInnerStmt -> ReadStmt .)
    IF              reduce using rule 63 (DoInnerStmt -> ReadStmt .)
    DO              reduce using rule 63 (DoInnerStmt -> ReadStmt .)
    GOTO            reduce using rule 63 (DoInnerStmt -> ReadStmt .)
    CONTINUE        reduce using rule 63 (DoInnerStmt -> ReadStmt .)
    STOP            reduce using rule 63 (DoInnerStmt -> ReadStmt .)
    READ            reduce using rule 63 (DoInnerStmt -> ReadStmt .)
    PRINT           reduce using rule 63 (DoInnerStmt -> ReadStmt .)
    RETURN          reduce using rule 63 (DoInnerStmt -> ReadStmt .)
    CALL            reduce using rule 63 (DoInnerStmt -> ReadStmt .)
    ID              reduce using rule 63 (DoInnerStmt -> ReadStmt .)


state 189

    (64) DoInnerStmt -> PrintStmt .

    LABEL           reduce using rule 64 (DoInnerStmt -> PrintStmt .)
    IF              reduce using rule 64 (DoInnerStmt -> PrintStmt .)
    DO              reduce using rule 64 (DoInnerStmt -> PrintStmt .)
    GOTO            reduce using rule 64 (DoInnerStmt -> PrintStmt .)
    CONTINUE        reduce using rule 64 (DoInnerStmt -> PrintStmt .)
    STOP            reduce using rule 64 (DoInnerStmt -> PrintStmt .)
    READ            reduce using rule 64 (DoInnerStmt -> PrintStmt .)
    PRINT           reduce using rule 64 (DoInnerStmt -> PrintStmt .)
    RETURN          reduce using rule 64 (DoInnerStmt -> PrintStmt .)
    CALL            reduce using rule 64 (DoInnerStmt -> PrintStmt .)
    ID              reduce using rule 64 (DoInnerStmt -> PrintStmt .)


state 190

    (65) DoInnerStmt -> ReturnStmt .

    LABEL           reduce using rule 65 (DoInnerStmt -> ReturnStmt .)
    IF              reduce using rule 65 (DoInnerStmt -> ReturnStmt .)
    DO              reduce using rule 65 (DoInnerStmt -> ReturnStmt .)
    GOTO            reduce using rule 65 (DoInnerStmt -> ReturnStmt .)
    CONTINUE        reduce using rule 65 (DoInnerStmt -> ReturnStmt .)
    STOP            reduce using rule 65 (DoInnerStmt -> ReturnStmt .)
    READ            reduce using rule 65 (DoInnerStmt -> ReturnStmt .)
    PRINT           reduce using rule 65 (DoInnerStmt -> ReturnStmt .)
    RETURN          reduce using rule 65 (DoInnerStmt -> ReturnStmt .)
    CALL            reduce using rule 65 (DoInnerStmt -> ReturnStmt .)
    ID              reduce using rule 65 (DoInnerStmt -> ReturnStmt .)


state 191

    (66) DoInnerStmt -> CallStmt .

    LABEL           reduce using rule 66 (DoInnerStmt -> CallStmt .)
    IF              reduce using rule 66 (DoInnerStmt -> CallStmt .)
    DO              reduce using rule 66 (DoInnerStmt -> CallStmt .)
    GOTO            reduce using rule 66 (DoInnerStmt -> CallStmt .)
    CONTINUE        reduce using rule 66 (DoInnerStmt -> CallStmt .)
    STOP            reduce using rule 66 (DoInnerStmt -> CallStmt .)
    READ            reduce using rule 66 (DoInnerStmt -> CallStmt .)
    PRINT           reduce using rule 66 (DoInnerStmt -> CallStmt .)
    RETURN          reduce using rule 66 (DoInnerStmt -> CallStmt .)
    CALL            reduce using rule 66 (DoInnerStmt -> CallStmt .)
    ID              reduce using rule 66 (DoInnerStmt -> CallStmt .)


state 192

    (53) DoBody -> LABEL CONTINUE .

    LABEL           reduce using rule 53 (DoBody -> LABEL CONTINUE .)
    IF              reduce using rule 53 (DoBody -> LABEL CONTINUE .)
    DO              reduce using rule 53 (DoBody -> LABEL CONTINUE .)
    GOTO            reduce using rule 53 (DoBody -> LABEL CONTINUE .)
    CONTINUE        reduce using rule 53 (DoBody -> LABEL CONTINUE .)
    STOP            reduce using rule 53 (DoBody -> LABEL CONTINUE .)
    READ            reduce using rule 53 (DoBody -> LABEL CONTINUE .)
    PRINT           reduce using rule 53 (DoBody -> LABEL CONTINUE .)
    RETURN          reduce using rule 53 (DoBody -> LABEL CONTINUE .)
    CALL            reduce using rule 53 (DoBody -> LABEL CONTINUE .)
    ID              reduce using rule 53 (DoBody -> LABEL CONTINUE .)
    END             reduce using rule 53 (DoBody -> LABEL CONTINUE .)
    ENDIF           reduce using rule 53 (DoBody -> LABEL CONTINUE .)
    ELSE            reduce using rule 53 (DoBody -> LABEL CONTINUE .)


state 193

    (54) DoBody -> DoInnerBlock LABEL . CONTINUE

    CONTINUE        shift and go to state 195


state 194

    (56) DoInnerBlock -> DoInnerBlock DoInnerStmt .

    LABEL           reduce using rule 56 (DoInnerBlock -> DoInnerBlock DoInnerStmt .)
    IF              reduce using rule 56 (DoInnerBlock -> DoInnerBlock DoInnerStmt .)
    DO              reduce using rule 56 (DoInnerBlock -> DoInnerBlock DoInnerStmt .)
    GOTO            reduce using rule 56 (DoInnerBlock -> DoInnerBlock DoInnerStmt .)
    CONTINUE        reduce using rule 56 (DoInnerBlock -> DoInnerBlock DoInnerStmt .)
    STOP            reduce using rule 56 (DoInnerBlock -> DoInnerBlock DoInnerStmt .)
    READ            reduce using rule 56 (DoInnerBlock -> DoInnerBlock DoInnerStmt .)
    PRINT           reduce using rule 56 (DoInnerBlock -> DoInnerBlock DoInnerStmt .)
    RETURN          reduce using rule 56 (DoInnerBlock -> DoInnerBlock DoInnerStmt .)
    CALL            reduce using rule 56 (DoInnerBlock -> DoInnerBlock DoInnerStmt .)
    ID              reduce using rule 56 (DoInnerBlock -> DoInnerBlock DoInnerStmt .)


state 195

    (54) DoBody -> DoInnerBlock LABEL CONTINUE .

    LABEL           reduce using rule 54 (DoBody -> DoInnerBlock LABEL CONTINUE .)
    IF              reduce using rule 54 (DoBody -> DoInnerBlock LABEL CONTINUE .)
    DO              reduce using rule 54 (DoBody -> DoInnerBlock LABEL CONTINUE .)
    GOTO            reduce using rule 54 (DoBody -> DoInnerBlock LABEL CONTINUE .)
    CONTINUE        reduce using rule 54 (DoBody -> DoInnerBlock LABEL CONTINUE .)
    STOP            reduce using rule 54 (DoBody -> DoInnerBlock LABEL CONTINUE .)
    READ            reduce using rule 54 (DoBody -> DoInnerBlock LABEL CONTINUE .)
    PRINT           reduce using rule 54 (DoBody -> DoInnerBlock LABEL CONTINUE .)
    RETURN          reduce using rule 54 (DoBody -> DoInnerBlock LABEL CONTINUE .)
    CALL            reduce using rule 54 (DoBody -> DoInnerBlock LABEL CONTINUE .)
    ID              reduce using rule 54 (DoBody -> DoInnerBlock LABEL CONTINUE .)
    END             reduce using rule 54 (DoBody -> DoInnerBlock LABEL CONTINUE .)
    ENDIF           reduce using rule 54 (DoBody -> DoInnerBlock LABEL CONTINUE .)
    ELSE            reduce using rule 54 (DoBody -> DoInnerBlock LABEL CONTINUE .)

